{
  "trainval_storms":[
    "20180504-20180513_nightside_6RE_peak_1h_2h_nolagg",
    "20160822-20160828_nightside_6RE_peak_1h_2h_nolagg",
    "20180418-20180424_nightside_6RE_peak_1h_2h_nolagg",
    "20190509-20190512_nightside_6RE_peak_1h_2h_nolagg",
    "20171104-20171113_nightside_6RE_peak_1h_2h_nolagg",
    "20170926-20171005_nightside_6RE_peak_1h_2h_nolagg",
    "20160507-20160509_nightside_6RE_peak_1h_2h_nolagg",
    "20160405-20160410_nightside_6RE_peak_1h_2h_nolagg",
    "20160801-20160805_nightside_6RE_peak_1h_2h_nolagg",
    "20151218-20151225_nightside_6RE_peak_1h_2h_nolagg",
    "20150910-20150914_nightside_6RE_peak_1h_2h_nolagg",
    "20180824-20180831_nightside_6RE_peak_1h_2h_nolagg",
    "20170325-20170402_nightside_6RE_peak_1h_2h_nolagg",
    "20160401-20160404_nightside_6RE_peak_1h_2h_nolagg",
    "20161011-20161014_nightside_6RE_peak_1h_2h_nolagg",
    "20170905-20170910_nightside_6RE_peak_1h_2h_nolagg",
    "20181102-20181114_nightside_6RE_peak_1h_2h_nolagg",
    "20151006-20151008_nightside_6RE_peak_1h_2h_nolagg",
    "20160305-20160308_nightside_6RE_peak_1h_2h_nolagg",
    "20181005-20181011_nightside_6RE_peak_1h_2h_nolagg",
    "20150918-20150923_nightside_6RE_peak_1h_2h_nolagg"
  ],
  "n_cv_splits":5,
  "test_storms":[
    "20170526-20170531_nightside_6RE_peak_1h_2h_nolagg",
    "20160603-20160609_nightside_6RE_peak_1h_2h_nolagg"
  ],
  "target_variable":"target_Bz_nightside_6RE_t0",
  "exogenous_features":[
    "Bmag",
    "BX",
    "BY_used",
    "BZ_used",
    "V",
    "Pdyn",
    "SYMH",
    "Ey",
    "Es",
    "theta",
    "Newell_Coupling"
  ],
  "forecast_results":{
    "1h":{
      "metrics":{
        "RMSE":10.9327095392,
        "MAE":8.7674971366,
        "R2":-0.0392821321
      },
      "storm_metrics":{
        "20170526-20170531_nightside_6RE_peak_1h_2h_nolagg":{
          "RMSE":5.2395502946,
          "MAE":4.2965825837,
          "R2":0.7173109326
        },
        "20160603-20160609_nightside_6RE_peak_1h_2h_nolagg":{
          "RMSE":13.4500918803,
          "MAE":11.7481068385,
          "R2":-0.7428425004
        }
      },
      "output_file":"AR_results_Nightside\/AR_results_20260721_191903\/ar_nightside_6RE_Bz_predictions_1h_20260721_191903.csv"
    },
    "2h":{
      "metrics":{
        "RMSE":8.9670320725,
        "MAE":7.6913830239,
        "R2":-0.0539457035
      },
      "storm_metrics":{
        "20170526-20170531_nightside_6RE_peak_1h_2h_nolagg":{
          "RMSE":5.2179015384,
          "MAE":4.347621625,
          "R2":-14.6008085324
        },
        "20160603-20160609_nightside_6RE_peak_1h_2h_nolagg":{
          "RMSE":10.4601899532,
          "MAE":9.5152528778,
          "R2":-4.180592141
        }
      },
      "output_file":"AR_results_Nightside\/AR_results_20260721_191903\/ar_nightside_6RE_Bz_predictions_2h_20260721_191903.csv"
    }
  },
  "ar_order_candidates":[
    1,
    2,
    3,
    4,
    5,
    6,
    7,
    8,
    9,
    10,
    11,
    12
  ],
  "ar_order_selected":10,
  "ar_order_cv_rmse":[
    {
      "AR_ORDER":10,
      "cv_RMSE_mean":15.6528296,
      "cv_RMSE_std":2.364591114
    },
    {
      "AR_ORDER":8,
      "cv_RMSE_mean":15.6615315025,
      "cv_RMSE_std":2.0001159968
    },
    {
      "AR_ORDER":9,
      "cv_RMSE_mean":15.6617875437,
      "cv_RMSE_std":2.1437006503
    },
    {
      "AR_ORDER":7,
      "cv_RMSE_mean":15.7305126279,
      "cv_RMSE_std":1.8740963315
    },
    {
      "AR_ORDER":12,
      "cv_RMSE_mean":15.7372806093,
      "cv_RMSE_std":2.5427573777
    },
    {
      "AR_ORDER":11,
      "cv_RMSE_mean":15.7456184569,
      "cv_RMSE_std":2.5161551752
    },
    {
      "AR_ORDER":6,
      "cv_RMSE_mean":15.7479834902,
      "cv_RMSE_std":1.7212380631
    },
    {
      "AR_ORDER":5,
      "cv_RMSE_mean":15.8055426722,
      "cv_RMSE_std":1.6534070097
    },
    {
      "AR_ORDER":4,
      "cv_RMSE_mean":15.8127972237,
      "cv_RMSE_std":1.5692281214
    },
    {
      "AR_ORDER":3,
      "cv_RMSE_mean":15.91870803,
      "cv_RMSE_std":1.4521680492
    },
    {
      "AR_ORDER":1,
      "cv_RMSE_mean":15.9767634554,
      "cv_RMSE_std":1.1338451418
    },
    {
      "AR_ORDER":2,
      "cv_RMSE_mean":15.991844841,
      "cv_RMSE_std":1.2722412342
    }
  ],
  "ar_order_cv_rmse_by_fold":[
    {
      "AR_ORDER":1,
      "fold":0,
      "val_RMSE_1h":16.02471228,
      "val_RMSE_2h":17.4389246932,
      "val_RMSE_avg":16.7318184866
    },
    {
      "AR_ORDER":1,
      "fold":1,
      "val_RMSE_1h":15.9132923057,
      "val_RMSE_2h":16.8043652348,
      "val_RMSE_avg":16.3588287702
    },
    {
      "AR_ORDER":1,
      "fold":2,
      "val_RMSE_1h":16.1464515014,
      "val_RMSE_2h":15.6412790383,
      "val_RMSE_avg":15.8938652698
    },
    {
      "AR_ORDER":1,
      "fold":3,
      "val_RMSE_1h":15.9722391325,
      "val_RMSE_2h":18.1362330273,
      "val_RMSE_avg":17.0542360799
    },
    {
      "AR_ORDER":1,
      "fold":4,
      "val_RMSE_1h":13.6602188615,
      "val_RMSE_2h":14.0299184791,
      "val_RMSE_avg":13.8450686703
    },
    {
      "AR_ORDER":2,
      "fold":0,
      "val_RMSE_1h":16.100642354,
      "val_RMSE_2h":17.3471103818,
      "val_RMSE_avg":16.7238763679
    },
    {
      "AR_ORDER":2,
      "fold":1,
      "val_RMSE_1h":15.9695132976,
      "val_RMSE_2h":16.7865716077,
      "val_RMSE_avg":16.3780424527
    },
    {
      "AR_ORDER":2,
      "fold":2,
      "val_RMSE_1h":16.2203122247,
      "val_RMSE_2h":15.6491123279,
      "val_RMSE_avg":15.9347122763
    },
    {
      "AR_ORDER":2,
      "fold":3,
      "val_RMSE_1h":16.2218505862,
      "val_RMSE_2h":18.3998621304,
      "val_RMSE_avg":17.3108563583
    },
    {
      "AR_ORDER":2,
      "fold":4,
      "val_RMSE_1h":13.5963161836,
      "val_RMSE_2h":13.627157316,
      "val_RMSE_avg":13.6117367498
    },
    {
      "AR_ORDER":3,
      "fold":0,
      "val_RMSE_1h":16.1956006624,
      "val_RMSE_2h":17.2530941016,
      "val_RMSE_avg":16.724347382
    },
    {
      "AR_ORDER":3,
      "fold":1,
      "val_RMSE_1h":16.1158629131,
      "val_RMSE_2h":16.2497033545,
      "val_RMSE_avg":16.1827831338
    },
    {
      "AR_ORDER":3,
      "fold":2,
      "val_RMSE_1h":16.0256353761,
      "val_RMSE_2h":15.5227341991,
      "val_RMSE_avg":15.7741847876
    },
    {
      "AR_ORDER":3,
      "fold":3,
      "val_RMSE_1h":16.5498991739,
      "val_RMSE_2h":18.6927513865,
      "val_RMSE_avg":17.6213252802
    },
    {
      "AR_ORDER":3,
      "fold":4,
      "val_RMSE_1h":13.2372591166,
      "val_RMSE_2h":13.344540016,
      "val_RMSE_avg":13.2908995663
    },
    {
      "AR_ORDER":4,
      "fold":0,
      "val_RMSE_1h":16.0441931703,
      "val_RMSE_2h":17.3382634441,
      "val_RMSE_avg":16.6912283072
    },
    {
      "AR_ORDER":4,
      "fold":1,
      "val_RMSE_1h":16.0028253723,
      "val_RMSE_2h":15.3824477317,
      "val_RMSE_avg":15.692636552
    },
    {
      "AR_ORDER":4,
      "fold":2,
      "val_RMSE_1h":15.9861165569,
      "val_RMSE_2h":15.5637244607,
      "val_RMSE_avg":15.7749205088
    },
    {
      "AR_ORDER":4,
      "fold":3,
      "val_RMSE_1h":16.8244414965,
      "val_RMSE_2h":18.8274184043,
      "val_RMSE_avg":17.8259299504
    },
    {
      "AR_ORDER":4,
      "fold":4,
      "val_RMSE_1h":12.8065133231,
      "val_RMSE_2h":13.3520282769,
      "val_RMSE_avg":13.0792708
    },
    {
      "AR_ORDER":5,
      "fold":0,
      "val_RMSE_1h":15.9025491596,
      "val_RMSE_2h":17.4962861188,
      "val_RMSE_avg":16.6994176392
    },
    {
      "AR_ORDER":5,
      "fold":1,
      "val_RMSE_1h":15.6725291587,
      "val_RMSE_2h":15.5415080397,
      "val_RMSE_avg":15.6070185992
    },
    {
      "AR_ORDER":5,
      "fold":2,
      "val_RMSE_1h":15.9844562664,
      "val_RMSE_2h":15.6129311827,
      "val_RMSE_avg":15.7986937246
    },
    {
      "AR_ORDER":5,
      "fold":3,
      "val_RMSE_1h":17.0122888947,
      "val_RMSE_2h":18.9289168363,
      "val_RMSE_avg":17.9706028655
    },
    {
      "AR_ORDER":5,