{
  "trainval_storms":[
    "20180504-20180513_nightside_6RE_peak_1h_2h_nolagg",
    "20160822-20160828_nightside_6RE_peak_1h_2h_nolagg",
    "20180418-20180424_nightside_6RE_peak_1h_2h_nolagg",
    "20190509-20190512_nightside_6RE_peak_1h_2h_nolagg",
    "20171104-20171113_nightside_6RE_peak_1h_2h_nolagg",
    "20170926-20171005_nightside_6RE_peak_1h_2h_nolagg",
    "20160507-20160509_nightside_6RE_peak_1h_2h_nolagg",
    "20160405-20160410_nightside_6RE_peak_1h_2h_nolagg",
    "20160801-20160805_nightside_6RE_peak_1h_2h_nolagg",
    "20151218-20151225_nightside_6RE_peak_1h_2h_nolagg",
    "20150910-20150914_nightside_6RE_peak_1h_2h_nolagg",
    "20180824-20180831_nightside_6RE_peak_1h_2h_nolagg",
    "20170325-20170402_nightside_6RE_peak_1h_2h_nolagg",
    "20160401-20160404_nightside_6RE_peak_1h_2h_nolagg",
    "20161011-20161014_nightside_6RE_peak_1h_2h_nolagg",
    "20170905-20170910_nightside_6RE_peak_1h_2h_nolagg",
    "20181102-20181114_nightside_6RE_peak_1h_2h_nolagg",
    "20151006-20151008_nightside_6RE_peak_1h_2h_nolagg",
    "20160305-20160308_nightside_6RE_peak_1h_2h_nolagg",
    "20181005-20181011_nightside_6RE_peak_1h_2h_nolagg",
    "20150918-20150923_nightside_6RE_peak_1h_2h_nolagg"
  ],
  "n_cv_splits":5,
  "test_storms":[
    "20170526-20170531_nightside_6RE_peak_1h_2h_nolagg",
    "20160603-20160609_nightside_6RE_peak_1h_2h_nolagg"
  ],
  "target_variable":"target_Bz_nightside_6RE_t0",
  "exogenous_features":[
    "Bmag",
    "Pdyn",
    "SYMH"
  ],
  "forecast_results":{
    "1h":{
      "metrics":{
        "RMSE":12.4357205985,
        "MAE":9.2912636098,
        "R2":0.2039518849
      },
      "storm_metrics":{
        "20170526-20170531_nightside_6RE_peak_1h_2h_nolagg":{
          "RMSE":10.1933500717,
          "MAE":7.2848832597,
          "R2":0.4443360221
        },
        "20160603-20160609_nightside_6RE_peak_1h_2h_nolagg":{
          "RMSE":14.3314307703,
          "MAE":11.2976439599,
          "R2":-0.02170962
        }
      },
      "output_file":"AR_results_Nightside\/AR_results_20260721_192739\/ar_nightside_6RE_Bz_predictions_1h_20260721_192739.csv"
    },
    "2h":{
      "metrics":{
        "RMSE":13.6148302317,
        "MAE":10.6545475751,
        "R2":0.0218415102
      },
      "storm_metrics":{
        "20170526-20170531_nightside_6RE_peak_1h_2h_nolagg":{
          "RMSE":12.299470863,
          "MAE":8.9838657292,
          "R2":0.167769493
        },
        "20160603-20160609_nightside_6RE_peak_1h_2h_nolagg":{
          "RMSE":14.8138523338,
          "MAE":12.3252294211,
          "R2":-0.1156718024
        }
      },
      "output_file":"AR_results_Nightside\/AR_results_20260721_192739\/ar_nightside_6RE_Bz_predictions_2h_20260721_192739.csv"
    }
  },
  "ar_order_candidates":[
    1,
    2,
    3,
    4,
    5,
    6,
    7,
    8,
    9,
    10,
    11,
    12
  ],
  "ar_order_selected":1,
  "ar_order_cv_rmse":[
    {
      "AR_ORDER":1,
      "cv_RMSE_mean":15.1388546157,
      "cv_RMSE_std":0.6897859449
    },
    {
      "AR_ORDER":2,
      "cv_RMSE_mean":15.2639293733,
      "cv_RMSE_std":0.7506066297
    },
    {
      "AR_ORDER":3,
      "cv_RMSE_mean":15.3112090999,
      "cv_RMSE_std":0.758571012
    },
    {
      "AR_ORDER":4,
      "cv_RMSE_mean":15.385366704,
      "cv_RMSE_std":0.775376147
    },
    {
      "AR_ORDER":5,
      "cv_RMSE_mean":15.4998338092,
      "cv_RMSE_std":0.80251131
    },
    {
      "AR_ORDER":6,
      "cv_RMSE_mean":15.5266027984,
      "cv_RMSE_std":0.8193452935
    },
    {
      "AR_ORDER":7,
      "cv_RMSE_mean":15.5696610706,
      "cv_RMSE_std":0.8441351839
    },
    {
      "AR_ORDER":8,
      "cv_RMSE_mean":15.6481809712,
      "cv_RMSE_std":0.8715838552
    },
    {
      "AR_ORDER":9,
      "cv_RMSE_mean":15.7034074379,
      "cv_RMSE_std":0.8908740284
    },
    {
      "AR_ORDER":10,
      "cv_RMSE_mean":15.7366679821,
      "cv_RMSE_std":0.9198642571
    },
    {
      "AR_ORDER":11,
      "cv_RMSE_mean":15.7886407046,
      "cv_RMSE_std":0.9261981882
    },
    {
      "AR_ORDER":12,
      "cv_RMSE_mean":15.81791464,
      "cv_RMSE_std":0.9395467895
    }
  ],
  "ar_order_cv_rmse_by_fold":[
    {
      "AR_ORDER":1,
      "fold":0,
      "val_RMSE_1h":14.0839416945,
      "val_RMSE_2h":16.2246313666,
      "val_RMSE_avg":15.1542865306
    },
    {
      "AR_ORDER":1,
      "fold":1,
      "val_RMSE_1h":15.538284541,
      "val_RMSE_2h":17.3806512185,
      "val_RMSE_avg":16.4594678797
    },
    {
      "AR_ORDER":1,
      "fold":2,
      "val_RMSE_1h":14.3462733478,
      "val_RMSE_2h":14.7878158033,
      "val_RMSE_avg":14.5670445756
    },
    {
      "AR_ORDER":1,
      "fold":3,
      "val_RMSE_1h":14.0401021714,
      "val_RMSE_2h":15.6509743789,
      "val_RMSE_avg":14.8455382751
    },
    {
      "AR_ORDER":1,
      "fold":4,
      "val_RMSE_1h":14.1163283048,
      "val_RMSE_2h":15.2195433306,
      "val_RMSE_avg":14.6679358177
    },
    {
      "AR_ORDER":2,
      "fold":0,
      "val_RMSE_1h":14.2854950535,
      "val_RMSE_2h":16.3543315006,
      "val_RMSE_avg":15.3199132771
    },
    {
      "AR_ORDER":2,
      "fold":1,
      "val_RMSE_1h":15.7142563642,
      "val_RMSE_2h":17.6054275826,
      "val_RMSE_avg":16.6598419734
    },
    {
      "AR_ORDER":2,
      "fold":2,
      "val_RMSE_1h":14.2747484117,
      "val_RMSE_2h":14.817571484,
      "val_RMSE_avg":14.5461599478
    },
    {
      "AR_ORDER":2,
      "fold":3,
      "val_RMSE_1h":14.2431436972,
      "val_RMSE_2h":15.9522872272,
      "val_RMSE_avg":15.0977154622
    },
    {
      "AR_ORDER":2,
      "fold":4,
      "val_RMSE_1h":14.1415498014,
      "val_RMSE_2h":15.2504826103,
      "val_RMSE_avg":14.6960162059
    },
    {
      "AR_ORDER":3,
      "fold":0,
      "val_RMSE_1h":14.3261675596,
      "val_RMSE_2h":16.3863221153,
      "val_RMSE_avg":15.3562448374
    },
    {
      "AR_ORDER":3,
      "fold":1,
      "val_RMSE_1h":15.7872099315,
      "val_RMSE_2h":17.6615895979,
      "val_RMSE_avg":16.7243997647
    },
    {
      "AR_ORDER":3,
      "fold":2,
      "val_RMSE_1h":14.3983503294,
      "val_RMSE_2h":14.7903107455,
      "val_RMSE_avg":14.5943305374
    },
    {
      "AR_ORDER":3,
      "fold":3,
      "val_RMSE_1h":14.2973445365,
      "val_RMSE_2h":16.0063382833,
      "val_RMSE_avg":15.1518414099
    },
    {
      "AR_ORDER":3,
      "fold":4,
      "val_RMSE_1h":14.1902207436,
      "val_RMSE_2h":15.2682371567,
      "val_RMSE_avg":14.7292289501
    },
    {
      "AR_ORDER":4,
      "fold":0,
      "val_RMSE_1h":14.394429961,
      "val_RMSE_2h":16.4489297321,
      "val_RMSE_avg":15.4216798465
    },
    {
      "AR_ORDER":4,
      "fold":1,
      "val_RMSE_1h":15.880337519,
      "val_RMSE_2h":17.7712892374,
      "val_RMSE_avg":16.8258133782
    },
    {
      "AR_ORDER":4,
      "fold":2,
      "val_RMSE_1h":14.4451895831,
      "val_RMSE_2h":14.8607721423,
      "val_RMSE_avg":14.6529808627
    },
    {
      "AR_ORDER":4,
      "fold":3,
      "val_RMSE_1h":14.39823897,
      "val_RMSE_2h":16.1106145101,
      "val_RMSE_avg":15.25442674
    },
    {
      "AR_ORDER":4,
      "fold":4,
      "val_RMSE_1h":14.2420105055,
      "val_RMSE_2h":15.3018548798,
      "val_RMSE_avg":14.7719326927
    },
    {
      "AR_ORDER":5,
      "fold":0,
      "val_RMSE_1h":14.4317400319,
      "val_RMSE_2h":16.5282754196,
      "val_RMSE_avg":15.4800077258
    },
    {
      "AR_ORDER":5,
      "fold":1,
      "val_RMSE_1h":15.9970096347,
      "val_RMSE_2h":17.9551167625,
      "val_RMSE_avg":16.9760631986
    },
    {
      "AR_ORDER":5,
      "fold":2,
      "val_RMSE_1h":14.4828059053,
      "val_RMSE_2h":14.9747657463,
      "val_RMSE_avg":14.7287858258
    },
    {
      "AR_ORDER":5,
      "fold":3,
      "val_RMSE_1h":14.5860418164,
      "val_RMSE_2h":16.3780470222,
      "val_RMSE_avg":15.4820444193
    },
    {
      "AR_ORDER":5,
      "fold":4,
      "val_RMSE_1h":14.3292004897,
      "val_RMSE_2h":15.3353352631,