{
  "trainval_storms":[
    "20180504-20180513_dayside_6RE_peak_1h_2h_nolagg",
    "20160822-20160828_dayside_6RE_peak_1h_2h_nolagg",
    "20180418-20180424_dayside_6RE_peak_1h_2h_nolagg",
    "20190509-20190512_dayside_6RE_peak_1h_2h_nolagg",
    "20171104-20171113_dayside_6RE_peak_1h_2h_nolagg",
    "20170926-20171005_dayside_6RE_peak_1h_2h_nolagg",
    "20160507-20160509_dayside_6RE_peak_1h_2h_nolagg",
    "20160405-20160410_dayside_6RE_peak_1h_2h_nolagg",
    "20160801-20160805_dayside_6RE_peak_1h_2h_nolagg",
    "20151218-20151225_dayside_6RE_peak_1h_2h_nolagg",
    "20150910-20150914_dayside_6RE_peak_1h_2h_nolagg",
    "20180824-20180831_dayside_6RE_peak_1h_2h_nolagg",
    "20170325-20170402_dayside_6RE_peak_1h_2h_nolagg",
    "20160401-20160404_dayside_6RE_peak_1h_2h_nolagg",
    "20161011-20161014_dayside_6RE_peak_1h_2h_nolagg",
    "20170905-20170910_dayside_6RE_peak_1h_2h_nolagg",
    "20181102-20181114_dayside_6RE_peak_1h_2h_nolagg",
    "20151006-20151008_dayside_6RE_peak_1h_2h_nolagg",
    "20160305-20160308_dayside_6RE_peak_1h_2h_nolagg",
    "20181005-20181011_dayside_6RE_peak_1h_2h_nolagg",
    "20150918-20150923_dayside_6RE_peak_1h_2h_nolagg"
  ],
  "n_cv_splits":5,
  "test_storms":[
    "20170526-20170531_dayside_6RE_peak_1h_2h_nolagg",
    "20160603-20160609_dayside_6RE_peak_1h_2h_nolagg"
  ],
  "target_variable":"target_Bz_dayside_6RE_t0",
  "exogenous_features":[
    "Bmag",
    "Pdyn",
    "SYMH",
    "Ey",
    "Es"
  ],
  "forecast_results":{
    "1h":{
      "metrics":{
        "RMSE":10.6131509231,
        "MAE":8.857725616,
        "R2":0.8575471768
      },
      "storm_metrics":{
        "20170526-20170531_dayside_6RE_peak_1h_2h_nolagg":{
          "RMSE":9.2835343905,
          "MAE":7.8571000151,
          "R2":0.891972114
        },
        "20160603-20160609_dayside_6RE_peak_1h_2h_nolagg":{
          "RMSE":11.7938091495,
          "MAE":9.8583512169,
          "R2":0.7626881635
        }
      },
      "output_file":"AR_results\/AR_results_20260716_162703\/ar_dayside_6RE_Bz_predictions_1h_20260716_162703.csv"
    },
    "2h":{
      "metrics":{
        "RMSE":14.4293359718,
        "MAE":12.1998557071,
        "R2":0.7361529169
      },
      "storm_metrics":{
        "20170526-20170531_dayside_6RE_peak_1h_2h_nolagg":{
          "RMSE":12.3805292932,
          "MAE":10.7032101544,
          "R2":0.8080723008
        },
        "20160603-20160609_dayside_6RE_peak_1h_2h_nolagg":{
          "RMSE":16.2214046122,
          "MAE":13.6965012598,
          "R2":0.5477471668
        }
      },
      "output_file":"AR_results\/AR_results_20260716_162703\/ar_dayside_6RE_Bz_predictions_2h_20260716_162703.csv"
    }
  },
  "ar_order_candidates":[
    2,
    3,
    4,
    5,
    6,
    7,
    8,
    9,
    10,
    11,
    12
  ],
  "ar_order_selected":2,
  "ar_order_cv_rmse":[
    {
      "AR_ORDER":2,
      "cv_RMSE_mean":11.423950961,
      "cv_RMSE_std":1.093547533
    },
    {
      "AR_ORDER":3,
      "cv_RMSE_mean":11.4870517209,
      "cv_RMSE_std":1.0979673345
    },
    {
      "AR_ORDER":4,
      "cv_RMSE_mean":11.5970398728,
      "cv_RMSE_std":1.1157930359
    },
    {
      "AR_ORDER":5,
      "cv_RMSE_mean":11.6614868667,
      "cv_RMSE_std":1.1264075613
    },
    {
      "AR_ORDER":12,
      "cv_RMSE_mean":11.7310837885,
      "cv_RMSE_std":1.0276630055
    },
    {
      "AR_ORDER":6,
      "cv_RMSE_mean":11.7495248707,
      "cv_RMSE_std":1.1468189333
    },
    {
      "AR_ORDER":11,
      "cv_RMSE_mean":11.7853573961,
      "cv_RMSE_std":1.0285675093
    },
    {
      "AR_ORDER":7,
      "cv_RMSE_mean":11.8087710733,
      "cv_RMSE_std":1.1307186803
    },
    {
      "AR_ORDER":10,
      "cv_RMSE_mean":11.8320917214,
      "cv_RMSE_std":1.0352656583
    },
    {
      "AR_ORDER":9,
      "cv_RMSE_mean":11.8625659322,
      "cv_RMSE_std":1.0835994379
    },
    {
      "AR_ORDER":8,
      "cv_RMSE_mean":11.8665709244,
      "cv_RMSE_std":1.1121110287
    }
  ],
  "ar_order_cv_rmse_by_fold":[
    {
      "AR_ORDER":2,
      "fold":0,
      "val_RMSE_1h":10.7290684954,
      "val_RMSE_2h":14.1901898851,
      "val_RMSE_avg":12.4596291902
    },
    {
      "AR_ORDER":2,
      "fold":1,
      "val_RMSE_1h":10.67430079,
      "val_RMSE_2h":14.2721668419,
      "val_RMSE_avg":12.473233816
    },
    {
      "AR_ORDER":2,
      "fold":2,
      "val_RMSE_1h":9.2253970128,
      "val_RMSE_2h":11.5147522152,
      "val_RMSE_avg":10.370074614
    },
    {
      "AR_ORDER":2,
      "fold":3,
      "val_RMSE_1h":8.55020619,
      "val_RMSE_2h":11.186522579,
      "val_RMSE_avg":9.8683643845
    },
    {
      "AR_ORDER":2,
      "fold":4,
      "val_RMSE_1h":10.1465546679,
      "val_RMSE_2h":13.7503509322,
      "val_RMSE_avg":11.9484528001
    },
    {
      "AR_ORDER":3,
      "fold":0,
      "val_RMSE_1h":10.7946044053,
      "val_RMSE_2h":14.2595480094,
      "val_RMSE_avg":12.5270762074
    },
    {
      "AR_ORDER":3,
      "fold":1,
      "val_RMSE_1h":10.7231106332,
      "val_RMSE_2h":14.3289176486,
      "val_RMSE_avg":12.5260141409
    },
    {
      "AR_ORDER":3,
      "fold":2,
      "val_RMSE_1h":9.2873717502,
      "val_RMSE_2h":11.5837940229,
      "val_RMSE_avg":10.4355828865
    },
    {
      "AR_ORDER":3,
      "fold":3,
      "val_RMSE_1h":8.5949590916,
      "val_RMSE_2h":11.2382952146,
      "val_RMSE_avg":9.9166271531
    },
    {
      "AR_ORDER":3,
      "fold":4,
      "val_RMSE_1h":10.227659862,
      "val_RMSE_2h":13.832256571,
      "val_RMSE_avg":12.0299582165
    },
    {
      "AR_ORDER":4,
      "fold":0,
      "val_RMSE_1h":10.8716724574,
      "val_RMSE_2h":14.3984411298,
      "val_RMSE_avg":12.6350567936
    },
    {
      "AR_ORDER":4,
      "fold":1,
      "val_RMSE_1h":10.8854707227,
      "val_RMSE_2h":14.5946826315,
      "val_RMSE_avg":12.7400766771
    },
    {
      "AR_ORDER":4,
      "fold":2,
      "val_RMSE_1h":9.3372302233,
      "val_RMSE_2h":11.6449787177,
      "val_RMSE_avg":10.4911044705
    },
    {
      "AR_ORDER":4,
      "fold":3,
      "val_RMSE_1h":8.6989485078,
      "val_RMSE_2h":11.4001488538,
      "val_RMSE_avg":10.0495486808
    },
    {
      "AR_ORDER":4,
      "fold":4,
      "val_RMSE_1h":10.2436477686,
      "val_RMSE_2h":13.895177715,
      "val_RMSE_avg":12.0694127418
    },
    {
      "AR_ORDER":5,
      "fold":0,
      "val_RMSE_1h":10.934815997,
      "val_RMSE_2h":14.4624119738,
      "val_RMSE_avg":12.6986139854
    },
    {
      "AR_ORDER":5,
      "fold":1,
      "val_RMSE_1h":10.9575800035,
      "val_RMSE_2h":14.697572601,
      "val_RMSE_avg":12.8275763023
    },
    {
      "AR_ORDER":5,
      "fold":2,
      "val_RMSE_1h":9.3961613733,
      "val_RMSE_2h":11.6857990659,
      "val_RMSE_avg":10.5409802196
    },
    {
      "AR_ORDER":5,
      "fold":3,
      "val_RMSE_1h":8.7454945818,
      "val_RMSE_2h":11.4615908358,
      "val_RMSE_avg":10.1035427088
    },
    {
      "AR_ORDER":5,
      "fold":4,
      "val_RMSE_1h":10.3118420756,
      "val_RMSE_2h":13.9616001597,
      "val_RMSE_avg":12.1367211176
    },
    {
      "AR_ORDER":6,
      "fold":0,
      "val_RMSE_1h":11.0181256526,
      "val_RMSE_2h":14.6307170406,
      "val_RMSE_avg":12.8244213466
    },
    {
      "AR_ORDER":6,
      "fold":1,
      "val_RMSE_1h":11.0309927808,
      "val_RMSE_2h":14.8514747369,
      "val_RMSE_avg":12.9412337588
    },
    {
      "AR_ORDER":6,
      "fold":2,
      "val_RMSE_1h":9.4191699994,
      "val_RMSE_2h":11.7563638869,
      "val_RMSE_avg":10.5877669432
    },
    {
      "AR_ORDER":6,
      "fold":3,
      "val_RMSE_1h":8.8033121589,
      "val_RMSE_2h":11.5708057867,
      "val_RMSE_avg":10.1870589728
    },
    {
      "AR_ORDER":6,
      "fold":4,
      "val_RMSE_1h":10.3686718259,
      "val_RMSE_2h":14.0456148386,
      "val_RMSE_avg":12.2071433322
    },
    {
      "AR_ORDER":7,
      "fold":0,
      "val_RMSE_1h":11.0996497179,
      "val_RMSE_2h":14.6782998741,