{
  "trainval_storms":[
    "20180504-20180513_dayside_6RE_peak_1h_2h_nolagg",
    "20160822-20160828_dayside_6RE_peak_1h_2h_nolagg",
    "20180418-20180424_dayside_6RE_peak_1h_2h_nolagg",
    "20190509-20190512_dayside_6RE_peak_1h_2h_nolagg",
    "20171104-20171113_dayside_6RE_peak_1h_2h_nolagg",
    "20170926-20171005_dayside_6RE_peak_1h_2h_nolagg",
    "20160507-20160509_dayside_6RE_peak_1h_2h_nolagg",
    "20160405-20160410_dayside_6RE_peak_1h_2h_nolagg",
    "20160801-20160805_dayside_6RE_peak_1h_2h_nolagg",
    "20151218-20151225_dayside_6RE_peak_1h_2h_nolagg",
    "20150910-20150914_dayside_6RE_peak_1h_2h_nolagg",
    "20180824-20180831_dayside_6RE_peak_1h_2h_nolagg",
    "20170325-20170402_dayside_6RE_peak_1h_2h_nolagg",
    "20160401-20160404_dayside_6RE_peak_1h_2h_nolagg",
    "20161011-20161014_dayside_6RE_peak_1h_2h_nolagg",
    "20170905-20170910_dayside_6RE_peak_1h_2h_nolagg",
    "20181102-20181114_dayside_6RE_peak_1h_2h_nolagg",
    "20151006-20151008_dayside_6RE_peak_1h_2h_nolagg",
    "20160305-20160308_dayside_6RE_peak_1h_2h_nolagg",
    "20181005-20181011_dayside_6RE_peak_1h_2h_nolagg",
    "20150918-20150923_dayside_6RE_peak_1h_2h_nolagg"
  ],
  "n_cv_splits":5,
  "test_storms":[
    "20170526-20170531_dayside_6RE_peak_1h_2h_nolagg",
    "20160603-20160609_dayside_6RE_peak_1h_2h_nolagg"
  ],
  "target_variable":"target_Bz_dayside_6RE_t0",
  "exogenous_features":[
    "Bmag",
    "Pdyn",
    "SYMH",
    "Ey",
    "Es"
  ],
  "forecast_results":{
    "1h":{
      "metrics":{
        "RMSE":10.2098215951,
        "MAE":8.4082558559,
        "R2":0.8686086832
      },
      "storm_metrics":{
        "20170526-20170531_dayside_6RE_peak_1h_2h_nolagg":{
          "RMSE":8.9645860446,
          "MAE":7.4184081006,
          "R2":0.8993405356
        },
        "20160603-20160609_dayside_6RE_peak_1h_2h_nolagg":{
          "RMSE":11.3188829422,
          "MAE":9.3981036113,
          "R2":0.7830468898
        }
      },
      "output_file":"AR_results\/AR_results_20260716_143039\/ar_dayside_6RE_Bz_predictions_1h_20260716_143039.csv"
    },
    "2h":{
      "metrics":{
        "RMSE":13.7091938296,
        "MAE":11.5601190723,
        "R2":0.7622327231
      },
      "storm_metrics":{
        "20170526-20170531_dayside_6RE_peak_1h_2h_nolagg":{
          "RMSE":11.7850247912,
          "MAE":10.0613060441,
          "R2":0.825775898
        },
        "20160603-20160609_dayside_6RE_peak_1h_2h_nolagg":{
          "RMSE":15.3947127803,
          "MAE":13.0589321006,
          "R2":0.5950499631
        }
      },
      "output_file":"AR_results\/AR_results_20260716_143039\/ar_dayside_6RE_Bz_predictions_2h_20260716_143039.csv"
    }
  },
  "ar_order_candidates":[
    1,
    2
  ],
  "ar_order_selected":1,
  "ar_order_cv_rmse":[
    {
      "AR_ORDER":1,
      "cv_RMSE_mean":11.2257647176,
      "cv_RMSE_std":1.0595055754
    },
    {
      "AR_ORDER":2,
      "cv_RMSE_mean":11.423950961,
      "cv_RMSE_std":1.093547533
    }
  ],
  "ar_order_cv_rmse_by_fold":[
    {
      "AR_ORDER":1,
      "fold":0,
      "val_RMSE_1h":10.5146356646,
      "val_RMSE_2h":13.8195901264,
      "val_RMSE_avg":12.1671128955
    },
    {
      "AR_ORDER":1,
      "fold":1,
      "val_RMSE_1h":10.3510685348,
      "val_RMSE_2h":13.7961038696,
      "val_RMSE_avg":12.0735862022
    },
    {
      "AR_ORDER":1,
      "fold":2,
      "val_RMSE_1h":9.1915551442,
      "val_RMSE_2h":11.4661893487,
      "val_RMSE_avg":10.3288722465
    },
    {
      "AR_ORDER":1,
      "fold":3,
      "val_RMSE_1h":8.3334206284,
      "val_RMSE_2h":10.8571495928,
      "val_RMSE_avg":9.5952851106
    },
    {
      "AR_ORDER":1,
      "fold":4,
      "val_RMSE_1h":10.1357984887,
      "val_RMSE_2h":13.7921357778,
      "val_RMSE_avg":11.9639671332
    },
    {
      "AR_ORDER":2,
      "fold":0,
      "val_RMSE_1h":10.7290684954,
      "val_RMSE_2h":14.1901898851,
      "val_RMSE_avg":12.4596291902
    },
    {
      "AR_ORDER":2,
      "fold":1,
      "val_RMSE_1h":10.67430079,
      "val_RMSE_2h":14.2721668419,
      "val_RMSE_avg":12.473233816
    },
    {
      "AR_ORDER":2,
      "fold":2,
      "val_RMSE_1h":9.2253970128,
      "val_RMSE_2h":11.5147522152,
      "val_RMSE_avg":10.370074614
    },
    {
      "AR_ORDER":2,
      "fold":3,
      "val_RMSE_1h":8.55020619,
      "val_RMSE_2h":11.186522579,
      "val_RMSE_avg":9.8683643845
    },
    {
      "AR_ORDER":2,
      "fold":4,
      "val_RMSE_1h":10.1465546679,
      "val_RMSE_2h":13.7503509322,
      "val_RMSE_avg":11.9484528001
    }
  ],
  "model":"AutoReg(lags=1)"
}