{
  "trainval_storms":[
    "20180504-20180513_dayside_6RE_peak_1h_2h_nolagg",
    "20160822-20160828_dayside_6RE_peak_1h_2h_nolagg",
    "20180418-20180424_dayside_6RE_peak_1h_2h_nolagg",
    "20190509-20190512_dayside_6RE_peak_1h_2h_nolagg",
    "20171104-20171113_dayside_6RE_peak_1h_2h_nolagg",
    "20170926-20171005_dayside_6RE_peak_1h_2h_nolagg",
    "20160507-20160509_dayside_6RE_peak_1h_2h_nolagg",
    "20160405-20160410_dayside_6RE_peak_1h_2h_nolagg",
    "20160801-20160805_dayside_6RE_peak_1h_2h_nolagg",
    "20151218-20151225_dayside_6RE_peak_1h_2h_nolagg",
    "20150910-20150914_dayside_6RE_peak_1h_2h_nolagg",
    "20180824-20180831_dayside_6RE_peak_1h_2h_nolagg",
    "20170325-20170402_dayside_6RE_peak_1h_2h_nolagg",
    "20160401-20160404_dayside_6RE_peak_1h_2h_nolagg",
    "20161011-20161014_dayside_6RE_peak_1h_2h_nolagg",
    "20170905-20170910_dayside_6RE_peak_1h_2h_nolagg",
    "20181102-20181114_dayside_6RE_peak_1h_2h_nolagg",
    "20151006-20151008_dayside_6RE_peak_1h_2h_nolagg",
    "20160305-20160308_dayside_6RE_peak_1h_2h_nolagg",
    "20181005-20181011_dayside_6RE_peak_1h_2h_nolagg",
    "20150918-20150923_dayside_6RE_peak_1h_2h_nolagg"
  ],
  "n_cv_splits":5,
  "test_storms":[
    "20170526-20170531_dayside_6RE_peak_1h_2h_nolagg",
    "20160603-20160609_dayside_6RE_peak_1h_2h_nolagg"
  ],
  "target_variable":"target_Bz_dayside_6RE_t0",
  "exogenous_features":[
    "Bmag",
    "Pdyn",
    "Ey",
    "Es"
  ],
  "forecast_results":{
    "1h":{
      "metrics":{
        "RMSE":10.9364933968,
        "MAE":8.6412545981,
        "R2":0.8649565127
      },
      "storm_metrics":{
        "20170526-20170531_dayside_6RE_peak_1h_2h_nolagg":{
          "RMSE":10.7164780767,
          "MAE":8.6999991508,
          "R2":0.8909594043
        },
        "20160603-20160609_dayside_6RE_peak_1h_2h_nolagg":{
          "RMSE":11.1521689938,
          "MAE":8.5825100453,
          "R2":0.7381718725
        }
      },
      "output_file":"AR_results\/AR_results_20260721_174818\/ar_dayside_6RE_Bz_predictions_1h_20260721_174818.csv"
    },
    "2h":{
      "metrics":{
        "RMSE":14.1030908938,
        "MAE":11.5692533998,
        "R2":0.7551398684
      },
      "storm_metrics":{
        "20170526-20170531_dayside_6RE_peak_1h_2h_nolagg":{
          "RMSE":13.6144888071,
          "MAE":11.3368761038,
          "R2":0.8197767159
        },
        "20160603-20160609_dayside_6RE_peak_1h_2h_nolagg":{
          "RMSE":14.5753229823,
          "MAE":11.8016306959,
          "R2":0.4199999928
        }
      },
      "output_file":"AR_results\/AR_results_20260721_174818\/ar_dayside_6RE_Bz_predictions_2h_20260721_174818.csv"
    }
  },
  "ar_order_candidates":[
    1,
    2,
    3,
    4,
    5,
    6,
    7,
    8,
    9,
    10,
    11,
    12
  ],
  "ar_order_selected":12,
  "ar_order_cv_rmse":[
    {
      "AR_ORDER":12,
      "cv_RMSE_mean":12.2243494361,
      "cv_RMSE_std":2.3916939122
    },
    {
      "AR_ORDER":3,
      "cv_RMSE_mean":12.2789958219,
      "cv_RMSE_std":2.160022559
    },
    {
      "AR_ORDER":4,
      "cv_RMSE_mean":12.3130590138,
      "cv_RMSE_std":2.1565602682
    },
    {
      "AR_ORDER":11,
      "cv_RMSE_mean":12.3247017138,
      "cv_RMSE_std":2.3046469816
    },
    {
      "AR_ORDER":1,
      "cv_RMSE_mean":12.3421055864,
      "cv_RMSE_std":2.2572948448
    },
    {
      "AR_ORDER":5,
      "cv_RMSE_mean":12.3446768672,
      "cv_RMSE_std":2.1684173007
    },
    {
      "AR_ORDER":2,
      "cv_RMSE_mean":12.4091165053,
      "cv_RMSE_std":2.2699110886
    },
    {
      "AR_ORDER":6,
      "cv_RMSE_mean":12.436962557,
      "cv_RMSE_std":2.2047844814
    },
    {
      "AR_ORDER":10,
      "cv_RMSE_mean":12.4425749919,
      "cv_RMSE_std":2.2480281937
    },
    {
      "AR_ORDER":7,
      "cv_RMSE_mean":12.503335186,
      "cv_RMSE_std":2.2096627576
    },
    {
      "AR_ORDER":8,
      "cv_RMSE_mean":12.5306537439,
      "cv_RMSE_std":2.2108527084
    },
    {
      "AR_ORDER":9,
      "cv_RMSE_mean":12.5321308444,
      "cv_RMSE_std":2.2378296583
    }
  ],
  "ar_order_cv_rmse_by_fold":[
    {
      "AR_ORDER":1,
      "fold":0,
      "val_RMSE_1h":10.5454111157,
      "val_RMSE_2h":13.3812799442,
      "val_RMSE_avg":11.96334553
    },
    {
      "AR_ORDER":1,
      "fold":1,
      "val_RMSE_1h":14.2844729096,
      "val_RMSE_2h":18.9919673639,
      "val_RMSE_avg":16.6382201367
    },
    {
      "AR_ORDER":1,
      "fold":2,
      "val_RMSE_1h":9.362250421,
      "val_RMSE_2h":10.8113089462,
      "val_RMSE_avg":10.0867796836
    },
    {
      "AR_ORDER":1,
      "fold":3,
      "val_RMSE_1h":9.8616276901,
      "val_RMSE_2h":12.2559265412,
      "val_RMSE_avg":11.0587771157
    },
    {
      "AR_ORDER":1,
      "fold":4,
      "val_RMSE_1h":10.3979360931,
      "val_RMSE_2h":13.5288748386,
      "val_RMSE_avg":11.9634054658
    },
    {
      "AR_ORDER":2,
      "fold":0,
      "val_RMSE_1h":10.6131338392,
      "val_RMSE_2h":13.4644526271,
      "val_RMSE_avg":12.0387932332
    },
    {
      "AR_ORDER":2,
      "fold":1,
      "val_RMSE_1h":14.3646859565,
      "val_RMSE_2h":19.093451002,
      "val_RMSE_avg":16.7290684793
    },
    {
      "AR_ORDER":2,
      "fold":2,
      "val_RMSE_1h":9.4066057043,
      "val_RMSE_2h":10.8663143253,
      "val_RMSE_avg":10.1364600148
    },
    {
      "AR_ORDER":2,
      "fold":3,
      "val_RMSE_1h":9.9134405289,
      "val_RMSE_2h":12.3420754474,
      "val_RMSE_avg":11.1277579882
    },
    {
      "AR_ORDER":2,
      "fold":4,
      "val_RMSE_1h":10.4374323565,
      "val_RMSE_2h":13.5895732654,
      "val_RMSE_avg":12.0135028109
    },
    {
      "AR_ORDER":3,
      "fold":0,
      "val_RMSE_1h":10.5423670508,
      "val_RMSE_2h":13.3153101592,
      "val_RMSE_avg":11.928838605
    },
    {
      "AR_ORDER":3,
      "fold":1,
      "val_RMSE_1h":14.0847852075,
      "val_RMSE_2h":18.6682278706,
      "val_RMSE_avg":16.3765065391
    },
    {
      "AR_ORDER":3,
      "fold":2,
      "val_RMSE_1h":9.4257732018,
      "val_RMSE_2h":10.8976164403,
      "val_RMSE_avg":10.161694821
    },
    {
      "AR_ORDER":3,
      "fold":3,
      "val_RMSE_1h":9.7411467474,
      "val_RMSE_2h":12.0869887605,
      "val_RMSE_avg":10.9140677539
    },
    {
      "AR_ORDER":3,
      "fold":4,
      "val_RMSE_1h":10.461489918,
      "val_RMSE_2h":13.5662528628,
      "val_RMSE_avg":12.0138713904
    },
    {
      "AR_ORDER":4,
      "fold":0,
      "val_RMSE_1h":10.5834427391,
      "val_RMSE_2h":13.3326506701,
      "val_RMSE_avg":11.9580467046
    },
    {
      "AR_ORDER":4,
      "fold":1,
      "val_RMSE_1h":14.115369724,
      "val_RMSE_2h":18.6815378924,
      "val_RMSE_avg":16.3984538082
    },
    {
      "AR_ORDER":4,
      "fold":2,
      "val_RMSE_1h":9.4791270495,
      "val_RMSE_2h":10.9084282184,
      "val_RMSE_avg":10.193777634
    },
    {
      "AR_ORDER":4,
      "fold":3,
      "val_RMSE_1h":9.7710376649,
      "val_RMSE_2h":12.105471785,
      "val_RMSE_avg":10.938254725
    },
    {
      "AR_ORDER":4,
      "fold":4,
      "val_RMSE_1h":10.538393985,
      "val_RMSE_2h":13.615130409,
      "val_RMSE_avg":12.076762197
    },
    {
      "AR_ORDER":5,
      "fold":0,
      "val_RMSE_1h":10.6441258942,
      "val_RMSE_2h":13.3053427474,
      "val_RMSE_avg":11.9747343208
    },
    {
      "AR_ORDER":5,
      "fold":1,
      "val_RMSE_1h":14.1753739319,
      "val_RMSE_2h":18.7180015444,
      "val_RMSE_avg":16.4466877381
    },
    {
      "AR_ORDER":5,
      "fold":2,
      "val_RMSE_1h":9.540113244,
      "val_RMSE_2h":10.898344196,
      "val_RMSE_avg":10.21922872
    },
    {
      "AR_ORDER":5,
      "fold":3,
      "val_RMSE_1h":9.785787521,
      "val_RMSE_2h":12.0814845985,
      "val_RMSE_avg":10.9336360597
    },
    {
      "AR_ORDER":5,
      "fold":4,
      "val_RMSE_1h":10.647551585,
      "val_RMSE_2h":13.6506434094,
      "val_RMSE_avg":12.1490974972
    },
    {
      "AR_ORDER":6,
      "fold":0,