{
  "trainval_storms":[
    "20180504-20180513_nightside_6RE_peak_1h_2h_nolagg",
    "20160822-20160828_nightside_6RE_peak_1h_2h_nolagg",
    "20180418-20180424_nightside_6RE_peak_1h_2h_nolagg",
    "20190509-20190512_nightside_6RE_peak_1h_2h_nolagg",
    "20171104-20171113_nightside_6RE_peak_1h_2h_nolagg",
    "20170926-20171005_nightside_6RE_peak_1h_2h_nolagg",
    "20160507-20160509_nightside_6RE_peak_1h_2h_nolagg",
    "20160405-20160410_nightside_6RE_peak_1h_2h_nolagg",
    "20160801-20160805_nightside_6RE_peak_1h_2h_nolagg",
    "20151218-20151225_nightside_6RE_peak_1h_2h_nolagg",
    "20150910-20150914_nightside_6RE_peak_1h_2h_nolagg",
    "20180824-20180831_nightside_6RE_peak_1h_2h_nolagg",
    "20170325-20170402_nightside_6RE_peak_1h_2h_nolagg",
    "20160401-20160404_nightside_6RE_peak_1h_2h_nolagg",
    "20161011-20161014_nightside_6RE_peak_1h_2h_nolagg",
    "20170905-20170910_nightside_6RE_peak_1h_2h_nolagg",
    "20181102-20181114_nightside_6RE_peak_1h_2h_nolagg",
    "20151006-20151008_nightside_6RE_peak_1h_2h_nolagg",
    "20160305-20160308_nightside_6RE_peak_1h_2h_nolagg",
    "20181005-20181011_nightside_6RE_peak_1h_2h_nolagg",
    "20150918-20150923_nightside_6RE_peak_1h_2h_nolagg"
  ],
  "n_cv_splits":5,
  "test_storms":[
    "20170526-20170531_nightside_6RE_peak_1h_2h_nolagg",
    "20160603-20160609_nightside_6RE_peak_1h_2h_nolagg"
  ],
  "target_variable":"target_Bz_nightside_6RE_t0",
  "exogenous_features":[
    "Bmag",
    "Pdyn",
    "Es"
  ],
  "forecast_results":{
    "1h":{
      "metrics":{
        "RMSE":13.0992698945,
        "MAE":9.6439444305,
        "R2":0.1167338495
      },
      "storm_metrics":{
        "20170526-20170531_nightside_6RE_peak_1h_2h_nolagg":{
          "RMSE":10.7692132266,
          "MAE":7.674864544,
          "R2":0.3797792148
        },
        "20160603-20160609_nightside_6RE_peak_1h_2h_nolagg":{
          "RMSE":15.0733470078,
          "MAE":11.6130243169,
          "R2":-0.1302324624
        }
      },
      "output_file":"AR_results_Nightside\/AR_results_20260721_190126\/ar_nightside_6RE_Bz_predictions_1h_20260721_190126.csv"
    },
    "2h":{
      "metrics":{
        "RMSE":14.8331950631,
        "MAE":11.3115144411,
        "R2":-0.1610587182
      },
      "storm_metrics":{
        "20170526-20170531_nightside_6RE_peak_1h_2h_nolagg":{
          "RMSE":13.7938559261,
          "MAE":9.9056381502,
          "R2":-0.0467480169
        },
        "20160603-20160609_nightside_6RE_peak_1h_2h_nolagg":{
          "RMSE":15.8043313763,
          "MAE":12.7173907321,
          "R2":-0.2698507758
        }
      },
      "output_file":"AR_results_Nightside\/AR_results_20260721_190126\/ar_nightside_6RE_Bz_predictions_2h_20260721_190126.csv"
    }
  },
  "ar_order_candidates":[
    1,
    2,
    3,
    4,
    5,
    6,
    7,
    8,
    9,
    10,
    11,
    12
  ],
  "ar_order_selected":1,
  "ar_order_cv_rmse":[
    {
      "AR_ORDER":1,
      "cv_RMSE_mean":15.6101084317,
      "cv_RMSE_std":0.5646246705
    },
    {
      "AR_ORDER":3,
      "cv_RMSE_mean":15.7719058268,
      "cv_RMSE_std":0.5966773588
    },
    {
      "AR_ORDER":2,
      "cv_RMSE_mean":15.7754776489,
      "cv_RMSE_std":0.5933482701
    },
    {
      "AR_ORDER":4,
      "cv_RMSE_mean":15.8262109293,
      "cv_RMSE_std":0.5985075744
    },
    {
      "AR_ORDER":6,
      "cv_RMSE_mean":15.9063421726,
      "cv_RMSE_std":0.6412877228
    },
    {
      "AR_ORDER":7,
      "cv_RMSE_mean":15.9246995882,
      "cv_RMSE_std":0.6877613593
    },
    {
      "AR_ORDER":5,
      "cv_RMSE_mean":15.9288362311,
      "cv_RMSE_std":0.6011872588
    },
    {
      "AR_ORDER":8,
      "cv_RMSE_mean":15.9883911746,
      "cv_RMSE_std":0.7219613502
    },
    {
      "AR_ORDER":9,
      "cv_RMSE_mean":16.0271155029,
      "cv_RMSE_std":0.7557271538
    },
    {
      "AR_ORDER":10,
      "cv_RMSE_mean":16.0459505112,
      "cv_RMSE_std":0.8004028808
    },
    {
      "AR_ORDER":11,
      "cv_RMSE_mean":16.0888713415,
      "cv_RMSE_std":0.8096539426
    },
    {
      "AR_ORDER":12,
      "cv_RMSE_mean":16.1084015162,
      "cv_RMSE_std":0.8182683876
    }
  ],
  "ar_order_cv_rmse_by_fold":[
    {
      "AR_ORDER":1,
      "fold":0,
      "val_RMSE_1h":14.6403659697,
      "val_RMSE_2h":17.3100337341,
      "val_RMSE_avg":15.9751998519
    },
    {
      "AR_ORDER":1,
      "fold":1,
      "val_RMSE_1h":15.6981487098,
      "val_RMSE_2h":17.3446673036,
      "val_RMSE_avg":16.5214080067
    },
    {
      "AR_ORDER":1,
      "fold":2,
      "val_RMSE_1h":15.0195914398,
      "val_RMSE_2h":15.4036845611,
      "val_RMSE_avg":15.2116380004
    },
    {
      "AR_ORDER":1,
      "fold":3,
      "val_RMSE_1h":14.4889651207,
      "val_RMSE_2h":16.2682901875,
      "val_RMSE_avg":15.3786276541
    },
    {
      "AR_ORDER":1,
      "fold":4,
      "val_RMSE_1h":14.3686011042,
      "val_RMSE_2h":15.5587361868,
      "val_RMSE_avg":14.9636686455
    },
    {
      "AR_ORDER":2,
      "fold":0,
      "val_RMSE_1h":14.8841420147,
      "val_RMSE_2h":17.5797971787,
      "val_RMSE_avg":16.2319695967
    },
    {
      "AR_ORDER":2,
      "fold":1,
      "val_RMSE_1h":15.7760153122,
      "val_RMSE_2h":17.469807229,
      "val_RMSE_avg":16.6229112706
    },
    {
      "AR_ORDER":2,
      "fold":2,
      "val_RMSE_1h":15.04128791,
      "val_RMSE_2h":15.5166238577,
      "val_RMSE_avg":15.2789558839
    },
    {
      "AR_ORDER":2,
      "fold":3,
      "val_RMSE_1h":14.7505617407,
      "val_RMSE_2h":16.7158976196,
      "val_RMSE_avg":15.7332296802
    },
    {
      "AR_ORDER":2,
      "fold":4,
      "val_RMSE_1h":14.3971919956,
      "val_RMSE_2h":15.6234516311,
      "val_RMSE_avg":15.0103218134
    },
    {
      "AR_ORDER":3,
      "fold":0,
      "val_RMSE_1h":14.8632841703,
      "val_RMSE_2h":17.4735594933,
      "val_RMSE_avg":16.1684218318
    },
    {
      "AR_ORDER":3,
      "fold":1,
      "val_RMSE_1h":15.8569238981,
      "val_RMSE_2h":17.5373300427,
      "val_RMSE_avg":16.6971269704
    },
    {
      "AR_ORDER":3,
      "fold":2,
      "val_RMSE_1h":15.11151624,
      "val_RMSE_2h":15.358762678,
      "val_RMSE_avg":15.235139459
    },
    {
      "AR_ORDER":3,
      "fold":3,
      "val_RMSE_1h":14.7350881793,
      "val_RMSE_2h":16.6079659234,
      "val_RMSE_avg":15.6715270513
    },
    {
      "AR_ORDER":3,
      "fold":4,
      "val_RMSE_1h":14.4864881022,
      "val_RMSE_2h":15.6881395407,
      "val_RMSE_avg":15.0873138214
    },
    {
      "AR_ORDER":4,
      "fold":0,
      "val_RMSE_1h":14.9017088146,
      "val_RMSE_2h":17.4580088672,
      "val_RMSE_avg":16.1798588409
    },
    {
      "AR_ORDER":4,
      "fold":1,
      "val_RMSE_1h":15.9430376476,
      "val_RMSE_2h":17.6362490478,
      "val_RMSE_avg":16.7896433477
    },
    {
      "AR_ORDER":4,
      "fold":2,
      "val_RMSE_1h":15.148818502,
      "val_RMSE_2h":15.4259751139,
      "val_RMSE_avg":15.2873968079
    },
    {
      "AR_ORDER":4,
      "fold":3,
      "val_RMSE_1h":14.783297787,
      "val_RMSE_2h":16.6286643513,
      "val_RMSE_avg":15.7059810691
    },
    {
      "AR_ORDER":4,
      "fold":4,
      "val_RMSE_1h":14.5669155522,
      "val_RMSE_2h":15.7694336091,
      "val_RMSE_avg":15.1681745807
    },
    {
      "AR_ORDER":5,
      "fold":0,
      "val_RMSE_1h":14.9439487627,
      "val_RMSE_2h":17.5054739067,
      "val_RMSE_avg":16.2247113347
    },
    {
      "AR_ORDER":5,
      "fold":1,
      "val_RMSE_1h":16.0437711902,
      "val_RMSE_2h":17.7513354787,
      "val_RMSE_avg":16.8975533345
    },
    {
      "AR_ORDER":5,
      "fold":2,
      "val_RMSE_1h":15.1706198004,
      "val_RMSE_2h":15.5356926498,
      "val_RMSE_avg":15.3531562251
    },
    {
      "AR_ORDER":5,
      "fold":3,
      "val_RMSE_1h":14.9518878705,
      "val_RMSE_2h":16.8687438776,
      "val_RMSE_avg":15.9103158741
    },
    {
      "AR_ORDER":5,
      "fold":4,
      "val_RMSE_1h":14.6744615853,
      "val_RMSE_2h":15.8424271892,