{
  "trainval_storms":[
    "20180504-20180513_dayside_6RE_peak_1h_2h_nolagg",
    "20160822-20160828_dayside_6RE_peak_1h_2h_nolagg",
    "20180418-20180424_dayside_6RE_peak_1h_2h_nolagg",
    "20190509-20190512_dayside_6RE_peak_1h_2h_nolagg",
    "20171104-20171113_dayside_6RE_peak_1h_2h_nolagg",
    "20170926-20171005_dayside_6RE_peak_1h_2h_nolagg",
    "20160507-20160509_dayside_6RE_peak_1h_2h_nolagg",
    "20160405-20160410_dayside_6RE_peak_1h_2h_nolagg",
    "20160801-20160805_dayside_6RE_peak_1h_2h_nolagg",
    "20151218-20151225_dayside_6RE_peak_1h_2h_nolagg",
    "20150910-20150914_dayside_6RE_peak_1h_2h_nolagg",
    "20180824-20180831_dayside_6RE_peak_1h_2h_nolagg",
    "20170325-20170402_dayside_6RE_peak_1h_2h_nolagg",
    "20160401-20160404_dayside_6RE_peak_1h_2h_nolagg",
    "20161011-20161014_dayside_6RE_peak_1h_2h_nolagg",
    "20170905-20170910_dayside_6RE_peak_1h_2h_nolagg",
    "20181102-20181114_dayside_6RE_peak_1h_2h_nolagg",
    "20151006-20151008_dayside_6RE_peak_1h_2h_nolagg",
    "20160305-20160308_dayside_6RE_peak_1h_2h_nolagg",
    "20181005-20181011_dayside_6RE_peak_1h_2h_nolagg",
    "20150918-20150923_dayside_6RE_peak_1h_2h_nolagg"
  ],
  "n_cv_splits":5,
  "test_storms":[
    "20170526-20170531_dayside_6RE_peak_1h_2h_nolagg",
    "20160603-20160609_dayside_6RE_peak_1h_2h_nolagg"
  ],
  "target_variable":"target_Bz_dayside_6RE_t0",
  "exogenous_features":[
    "BZ_used"
  ],
  "forecast_results":{
    "1h":{
      "metrics":{
        "RMSE":12.3627622261,
        "MAE":10.2146547289,
        "R2":0.833649251
      },
      "storm_metrics":{
        "20170526-20170531_dayside_6RE_peak_1h_2h_nolagg":{
          "RMSE":13.3351099501,
          "MAE":11.7298283867,
          "R2":0.8190946327
        },
        "20160603-20160609_dayside_6RE_peak_1h_2h_nolagg":{
          "RMSE":11.3071049494,
          "MAE":8.6994810712,
          "R2":0.7785356775
        }
      },
      "output_file":"AR_results\/AR_results_20260721_164311\/ar_dayside_6RE_Bz_predictions_1h_20260721_164311.csv"
    },
    "2h":{
      "metrics":{
        "RMSE":17.3797059415,
        "MAE":14.4929707955,
        "R2":0.6739407436
      },
      "storm_metrics":{
        "20170526-20170531_dayside_6RE_peak_1h_2h_nolagg":{
          "RMSE":19.1664787233,
          "MAE":16.7259516878,
          "R2":0.6319202216
        },
        "20160603-20160609_dayside_6RE_peak_1h_2h_nolagg":{
          "RMSE":15.3868271771,
          "MAE":12.2599899032,
          "R2":0.5909833877
        }
      },
      "output_file":"AR_results\/AR_results_20260721_164311\/ar_dayside_6RE_Bz_predictions_2h_20260721_164311.csv"
    }
  },
  "ar_order_candidates":[
    1,
    2,
    3,
    4,
    5,
    6,
    7,
    8,
    9,
    10,
    11,
    12
  ],
  "ar_order_selected":1,
  "ar_order_cv_rmse":[
    {
      "AR_ORDER":1,
      "cv_RMSE_mean":12.7742357133,
      "cv_RMSE_std":1.1484500272
    },
    {
      "AR_ORDER":3,
      "cv_RMSE_mean":12.8043889416,
      "cv_RMSE_std":1.1639419246
    },
    {
      "AR_ORDER":2,
      "cv_RMSE_mean":12.8540648814,
      "cv_RMSE_std":1.16721273
    },
    {
      "AR_ORDER":4,
      "cv_RMSE_mean":12.8616645212,
      "cv_RMSE_std":1.1675152127
    },
    {
      "AR_ORDER":5,
      "cv_RMSE_mean":12.9267940042,
      "cv_RMSE_std":1.1796607523
    },
    {
      "AR_ORDER":12,
      "cv_RMSE_mean":12.9928462316,
      "cv_RMSE_std":1.1521651941
    },
    {
      "AR_ORDER":6,
      "cv_RMSE_mean":13.007605458,
      "cv_RMSE_std":1.1880640604
    },
    {
      "AR_ORDER":7,
      "cv_RMSE_mean":13.0902388681,
      "cv_RMSE_std":1.2073913938
    },
    {
      "AR_ORDER":11,
      "cv_RMSE_mean":13.1333521975,
      "cv_RMSE_std":1.2416821024
    },
    {
      "AR_ORDER":8,
      "cv_RMSE_mean":13.1406031905,
      "cv_RMSE_std":1.2340357035
    },
    {
      "AR_ORDER":9,
      "cv_RMSE_mean":13.1953904297,
      "cv_RMSE_std":1.3002433873
    },
    {
      "AR_ORDER":10,
      "cv_RMSE_mean":13.2052321816,
      "cv_RMSE_std":1.2623030986
    }
  ],
  "ar_order_cv_rmse_by_fold":[
    {
      "AR_ORDER":1,
      "fold":0,
      "val_RMSE_1h":11.0884173123,
      "val_RMSE_2h":14.6872148986,
      "val_RMSE_avg":12.8878161055
    },
    {
      "AR_ORDER":1,
      "fold":1,
      "val_RMSE_1h":13.2693932288,
      "val_RMSE_2h":16.578736285,
      "val_RMSE_avg":14.9240647569
    },
    {
      "AR_ORDER":1,
      "fold":2,
      "val_RMSE_1h":10.4103600833,
      "val_RMSE_2h":12.8500355815,
      "val_RMSE_avg":11.6301978324
    },
    {
      "AR_ORDER":1,
      "fold":3,
      "val_RMSE_1h":10.6556178629,
      "val_RMSE_2h":13.5512078968,
      "val_RMSE_avg":12.1034128798
    },
    {
      "AR_ORDER":1,
      "fold":4,
      "val_RMSE_1h":10.6206563187,
      "val_RMSE_2h":14.030717665,
      "val_RMSE_avg":12.3256869919
    },
    {
      "AR_ORDER":2,
      "fold":0,
      "val_RMSE_1h":11.1390739815,
      "val_RMSE_2h":14.7976945037,
      "val_RMSE_avg":12.9683842426
    },
    {
      "AR_ORDER":2,
      "fold":1,
      "val_RMSE_1h":13.3715010595,
      "val_RMSE_2h":16.701196366,
      "val_RMSE_avg":15.0363487127
    },
    {
      "AR_ORDER":2,
      "fold":2,
      "val_RMSE_1h":10.431667107,
      "val_RMSE_2h":12.9136264374,
      "val_RMSE_avg":11.6726467722
    },
    {
      "AR_ORDER":2,
      "fold":3,
      "val_RMSE_1h":10.7414656552,
      "val_RMSE_2h":13.6569101936,
      "val_RMSE_avg":12.1991879244
    },
    {
      "AR_ORDER":2,
      "fold":4,
      "val_RMSE_1h":10.6779650369,
      "val_RMSE_2h":14.1095484736,
      "val_RMSE_avg":12.3937567553
    },
    {
      "AR_ORDER":3,
      "fold":0,
      "val_RMSE_1h":11.1298691519,
      "val_RMSE_2h":14.7330576201,
      "val_RMSE_avg":12.931463386
    },
    {
      "AR_ORDER":3,
      "fold":1,
      "val_RMSE_1h":13.2969539802,
      "val_RMSE_2h":16.6873266714,
      "val_RMSE_avg":14.9921403258
    },
    {
      "AR_ORDER":3,
      "fold":2,
      "val_RMSE_1h":10.4570262774,
      "val_RMSE_2h":12.9676175102,
      "val_RMSE_avg":11.7123218938
    },
    {
      "AR_ORDER":3,
      "fold":3,
      "val_RMSE_1h":10.6396768076,
      "val_RMSE_2h":13.4964622008,
      "val_RMSE_avg":12.0680695042
    },
    {
      "AR_ORDER":3,
      "fold":4,
      "val_RMSE_1h":10.6558735149,
      "val_RMSE_2h":13.980025682,
      "val_RMSE_avg":12.3179495984
    },
    {
      "AR_ORDER":4,
      "fold":0,
      "val_RMSE_1h":11.1705975963,
      "val_RMSE_2h":14.7817795448,
      "val_RMSE_avg":12.9761885706
    },
    {
      "AR_ORDER":4,
      "fold":1,
      "val_RMSE_1h":13.3607329185,
      "val_RMSE_2h":16.7641307139,
      "val_RMSE_avg":15.0624318162
    },
    {
      "AR_ORDER":4,
      "fold":2,
      "val_RMSE_1h":10.5263307158,
      "val_RMSE_2h":13.0380741489,
      "val_RMSE_avg":11.7822024323
    },
    {
      "AR_ORDER":4,
      "fold":3,
      "val_RMSE_1h":10.6819574001,
      "val_RMSE_2h":13.5602220285,
      "val_RMSE_avg":12.1210897143
    },
    {
      "AR_ORDER":4,
      "fold":4,
      "val_RMSE_1h":10.7185652488,
      "val_RMSE_2h":14.0142548967,
      "val_RMSE_avg":12.3664100728
    },
    {
      "AR_ORDER":5,
      "fold":0,
      "val_RMSE_1h":11.2602683744,
      "val_RMSE_2h":14.8178296773,
      "val_RMSE_avg":13.0390490258
    },
    {
      "AR_ORDER":5,
      "fold":1,
      "val_RMSE_1h":13.4399757843,
      "val_RMSE_2h":16.8646246204,
      "val_RMSE_avg":15.1523002024
    },
    {
      "AR_ORDER":5,
      "fold":2,
      "val_RMSE_1h":10.6275893875,
      "val_RMSE_2h":13.0775797067,
      "val_RMSE_avg":11.8525845471
    },
    {
      "AR_ORDER":5,
      "fold":3,
      "val_RMSE_1h":10.7174368247,
      "val_RMSE_2h":13.5886595009,
      "val_RMSE_avg":12.1530481628
    },
    {
      "AR_ORDER":5,
      "fold":4,
      "val_RMSE_1h":10.8132865391,
      "val_RMSE_2h":14.060689627,
      "val_RMSE_avg":12.4369880831
    },
    {
      "AR_ORDER":6,
      "fold":0,
      "val_RMSE_1h":11.3356637635,