{
  "train_storms":[
    "20180504-20180513_dayside_6RE_peak_1h_2h_nolagg",
    "20160822-20160828_dayside_6RE_peak_1h_2h_nolagg",
    "20180418-20180424_dayside_6RE_peak_1h_2h_nolagg",
    "20190509-20190512_dayside_6RE_peak_1h_2h_nolagg",
    "20171104-20171113_dayside_6RE_peak_1h_2h_nolagg",
    "20170926-20171005_dayside_6RE_peak_1h_2h_nolagg",
    "20160507-20160509_dayside_6RE_peak_1h_2h_nolagg",
    "20160405-20160410_dayside_6RE_peak_1h_2h_nolagg",
    "20160801-20160805_dayside_6RE_peak_1h_2h_nolagg",
    "20151218-20151225_dayside_6RE_peak_1h_2h_nolagg",
    "20150910-20150914_dayside_6RE_peak_1h_2h_nolagg",
    "20180824-20180831_dayside_6RE_peak_1h_2h_nolagg",
    "20170325-20170402_dayside_6RE_peak_1h_2h_nolagg",
    "20160401-20160404_dayside_6RE_peak_1h_2h_nolagg",
    "20161011-20161014_dayside_6RE_peak_1h_2h_nolagg",
    "20170905-20170910_dayside_6RE_peak_1h_2h_nolagg",
    "20181102-20181114_dayside_6RE_peak_1h_2h_nolagg",
    "20151006-20151008_dayside_6RE_peak_1h_2h_nolagg"
  ],
  "validation_storms":[
    "20160305-20160308_dayside_6RE_peak_1h_2h_nolagg",
    "20181005-20181011_dayside_6RE_peak_1h_2h_nolagg"
  ],
  "test_storms":[
    "20150918-20150923_dayside_6RE_peak_1h_2h_nolagg",
    "20170526-20170531_dayside_6RE_peak_1h_2h_nolagg",
    "20160603-20160609_dayside_6RE_peak_1h_2h_nolagg"
  ],
  "target_variable":"target_Bz_dayside_6RE_t0",
  "exogenous_features":[
    "BZ_used",
    "Pdyn",
    "SYMH",
    "Ey",
    "Es"
  ],
  "forecast_results":{
    "1h":{
      "metrics":{
        "RMSE":14.9592968118,
        "MAE":11.239162321,
        "R2":0.6627030047
      },
      "output_file":"AR_results\/AR_results_20260713_182127\/ar_dayside_6RE_Bz_predictions_1h_20260713_182127.csv"
    },
    "2h":{
      "metrics":{
        "RMSE":17.5876817013,
        "MAE":12.7753218596,
        "R2":0.5020796472
      },
      "output_file":"AR_results\/AR_results_20260713_182127\/ar_dayside_6RE_Bz_predictions_2h_20260713_182127.csv"
    }
  },
  "ar_order_candidates":[
    1,
    2
  ],
  "ar_order_selected":2,
  "ar_order_validation_rmse":[
    {
      "AR_ORDER":2,
      "val_RMSE_1h":9.3905669761,
      "val_RMSE_2h":9.2982647354,
      "val_RMSE_avg":9.3444158558
    },
    {
      "AR_ORDER":1,
      "val_RMSE_1h":9.4775151558,
      "val_RMSE_2h":9.6819548046,
      "val_RMSE_avg":9.5797349802
    }
  ],
  "model":"AutoReg(lags=2)"
}