{
  "train_storms":[
    "20180504-20180513_dayside_6RE_peak_1h_2h_nolagg",
    "20160822-20160828_dayside_6RE_peak_1h_2h_nolagg",
    "20180418-20180424_dayside_6RE_peak_1h_2h_nolagg",
    "20190509-20190512_dayside_6RE_peak_1h_2h_nolagg",
    "20171104-20171113_dayside_6RE_peak_1h_2h_nolagg",
    "20170926-20171005_dayside_6RE_peak_1h_2h_nolagg",
    "20160507-20160509_dayside_6RE_peak_1h_2h_nolagg",
    "20160405-20160410_dayside_6RE_peak_1h_2h_nolagg",
    "20160801-20160805_dayside_6RE_peak_1h_2h_nolagg",
    "20151218-20151225_dayside_6RE_peak_1h_2h_nolagg",
    "20150910-20150914_dayside_6RE_peak_1h_2h_nolagg",
    "20180824-20180831_dayside_6RE_peak_1h_2h_nolagg",
    "20170325-20170402_dayside_6RE_peak_1h_2h_nolagg",
    "20160401-20160404_dayside_6RE_peak_1h_2h_nolagg",
    "20161011-20161014_dayside_6RE_peak_1h_2h_nolagg",
    "20170905-20170910_dayside_6RE_peak_1h_2h_nolagg",
    "20181102-20181114_dayside_6RE_peak_1h_2h_nolagg",
    "20151006-20151008_dayside_6RE_peak_1h_2h_nolagg"
  ],
  "validation_storms":[
    "20160305-20160308_dayside_6RE_peak_1h_2h_nolagg",
    "20181005-20181011_dayside_6RE_peak_1h_2h_nolagg"
  ],
  "test_storms":[
    "20150918-20150923_dayside_6RE_peak_1h_2h_nolagg",
    "20170526-20170531_dayside_6RE_peak_1h_2h_nolagg",
    "20160603-20160609_dayside_6RE_peak_1h_2h_nolagg"
  ],
  "target_variable":"target_Bz_dayside_6RE_t0",
  "exogenous_features":[
    "BZ_used",
    "Pdyn",
    "SYMH",
    "Es"
  ],
  "forecast_results":{
    "1h":{
      "metrics":{
        "RMSE":9.2332009871,
        "MAE":7.203239183,
        "R2":0.8714765673
      },
      "storm_metrics":{
        "20150918-20150923_dayside_6RE_peak_1h_2h_nolagg":{
          "RMSE":5.5644809061,
          "MAE":4.1370638764,
          "R2":0.78877102
        },
        "20170526-20170531_dayside_6RE_peak_1h_2h_nolagg":{
          "RMSE":9.6400912149,
          "MAE":7.9950312148,
          "R2":0.8836550441
        },
        "20160603-20160609_dayside_6RE_peak_1h_2h_nolagg":{
          "RMSE":11.4830829927,
          "MAE":9.4776224578,
          "R2":0.7772885328
        }
      },
      "output_file":"AR_results\/AR_results_20260714_234958\/ar_dayside_6RE_Bz_predictions_1h_20260714_234958.csv"
    },
    "2h":{
      "metrics":{
        "RMSE":12.4949818732,
        "MAE":9.7242897413,
        "R2":0.7646268708
      },
      "storm_metrics":{
        "20150918-20150923_dayside_6RE_peak_1h_2h_nolagg":{
          "RMSE":6.0955395087,
          "MAE":4.5481088824,
          "R2":0.7421626884
        },
        "20170526-20170531_dayside_6RE_peak_1h_2h_nolagg":{
          "RMSE":13.3506960835,
          "MAE":11.1711647484,
          "R2":0.7764901963
        },
        "20160603-20160609_dayside_6RE_peak_1h_2h_nolagg":{
          "RMSE":15.9052515924,
          "MAE":13.4535955931,
          "R2":0.5682745509
        }
      },
      "output_file":"AR_results\/AR_results_20260714_234958\/ar_dayside_6RE_Bz_predictions_2h_20260714_234958.csv"
    }
  },
  "ar_order_candidates":[
    1,
    2
  ],
  "ar_order_selected":1,
  "ar_order_validation_rmse":[
    {
      "AR_ORDER":1,
      "val_RMSE_1h":7.8391311617,
      "val_RMSE_2h":8.9650102684,
      "val_RMSE_avg":8.4020707151
    },
    {
      "AR_ORDER":2,
      "val_RMSE_1h":7.8924271604,
      "val_RMSE_2h":8.9789711874,
      "val_RMSE_avg":8.4356991739
    }
  ],
  "model":"AutoReg(lags=1)"
}