{
  "trainval_storms":[
    "20180504-20180513_dayside_6RE_peak_1h_2h_nolagg",
    "20160822-20160828_dayside_6RE_peak_1h_2h_nolagg",
    "20180418-20180424_dayside_6RE_peak_1h_2h_nolagg",
    "20190509-20190512_dayside_6RE_peak_1h_2h_nolagg",
    "20171104-20171113_dayside_6RE_peak_1h_2h_nolagg",
    "20170926-20171005_dayside_6RE_peak_1h_2h_nolagg",
    "20160507-20160509_dayside_6RE_peak_1h_2h_nolagg",
    "20160405-20160410_dayside_6RE_peak_1h_2h_nolagg",
    "20160801-20160805_dayside_6RE_peak_1h_2h_nolagg",
    "20151218-20151225_dayside_6RE_peak_1h_2h_nolagg",
    "20150910-20150914_dayside_6RE_peak_1h_2h_nolagg",
    "20180824-20180831_dayside_6RE_peak_1h_2h_nolagg",
    "20170325-20170402_dayside_6RE_peak_1h_2h_nolagg",
    "20160401-20160404_dayside_6RE_peak_1h_2h_nolagg",
    "20161011-20161014_dayside_6RE_peak_1h_2h_nolagg",
    "20170905-20170910_dayside_6RE_peak_1h_2h_nolagg",
    "20181102-20181114_dayside_6RE_peak_1h_2h_nolagg",
    "20151006-20151008_dayside_6RE_peak_1h_2h_nolagg",
    "20160305-20160308_dayside_6RE_peak_1h_2h_nolagg",
    "20181005-20181011_dayside_6RE_peak_1h_2h_nolagg",
    "20150918-20150923_dayside_6RE_peak_1h_2h_nolagg"
  ],
  "n_cv_splits":5,
  "test_storms":[
    "20170526-20170531_dayside_6RE_peak_1h_2h_nolagg",
    "20160603-20160609_dayside_6RE_peak_1h_2h_nolagg"
  ],
  "target_variable":"target_Bz_dayside_6RE_t0",
  "exogenous_features":[
    "sin_doy",
    "cos_doy",
    "Bmag",
    "BX",
    "BY_used",
    "BZ_used",
    "V",
    "Pdyn",
    "SYMH",
    "Ey",
    "Es",
    "theta",
    "Newell_Coupling"
  ],
  "forecast_results":{
    "1h":{
      "metrics":{
        "RMSE":14.7710987987,
        "MAE":10.9602637027,
        "R2":0.402265877
      },
      "storm_metrics":{
        "20170526-20170531_dayside_6RE_peak_1h_2h_nolagg":{
          "RMSE":18.7553895931,
          "MAE":13.6864832827,
          "R2":0.4230602983
        },
        "20160603-20160609_dayside_6RE_peak_1h_2h_nolagg":{
          "RMSE":11.3636484901,
          "MAE":9.1427839827,
          "R2":0.2391101536
        }
      },
      "output_file":"AR_results\/AR_results_20260715_194023\/ar_dayside_6RE_Bz_predictions_1h_20260715_194023.csv"
    },
    "2h":{
      "metrics":{
        "RMSE":10.5379157581,
        "MAE":8.1233057395,
        "R2":-0.7931661145
      },
      "storm_metrics":{
        "20170526-20170531_dayside_6RE_peak_1h_2h_nolagg":{
          "RMSE":12.1249344079,
          "MAE":9.5603634124,
          "R2":-19.8963927574
        },
        "20160603-20160609_dayside_6RE_peak_1h_2h_nolagg":{
          "RMSE":9.561885315,
          "MAE":7.3394560998,
          "R2":-0.0016073899
        }
      },
      "output_file":"AR_results\/AR_results_20260715_194023\/ar_dayside_6RE_Bz_predictions_2h_20260715_194023.csv"
    }
  },
  "ar_order_candidates":[
    1,
    2,
    3,
    4,
    5,
    6,
    7,
    8,
    9
  ],
  "ar_order_selected":9,
  "ar_order_cv_rmse":[
    {
      "AR_ORDER":9,
      "cv_RMSE_mean":14.3900187024,
      "cv_RMSE_std":2.9929595326
    },
    {
      "AR_ORDER":8,
      "cv_RMSE_mean":14.4869739772,
      "cv_RMSE_std":2.9820961839
    },
    {
      "AR_ORDER":7,
      "cv_RMSE_mean":14.6515990448,
      "cv_RMSE_std":2.9926793935
    },
    {
      "AR_ORDER":6,
      "cv_RMSE_mean":14.8448687419,
      "cv_RMSE_std":2.9305580608
    },
    {
      "AR_ORDER":5,
      "cv_RMSE_mean":14.9125257258,
      "cv_RMSE_std":2.8960862652
    },
    {
      "AR_ORDER":4,
      "cv_RMSE_mean":15.1066927708,
      "cv_RMSE_std":2.8237001724
    },
    {
      "AR_ORDER":3,
      "cv_RMSE_mean":15.1425468931,
      "cv_RMSE_std":2.6553357149
    },
    {
      "AR_ORDER":1,
      "cv_RMSE_mean":15.3528780489,
      "cv_RMSE_std":2.445500544
    },
    {
      "AR_ORDER":2,
      "cv_RMSE_mean":15.4155276327,
      "cv_RMSE_std":2.5769962232
    }
  ],
  "ar_order_cv_rmse_by_fold":[
    {
      "AR_ORDER":1,
      "fold":0,
      "val_RMSE_1h":14.3894061362,
      "val_RMSE_2h":17.2255232345,
      "val_RMSE_avg":15.8074646854
    },
    {
      "AR_ORDER":1,
      "fold":1,
      "val_RMSE_1h":16.9359154846,
      "val_RMSE_2h":22.3391809109,
      "val_RMSE_avg":19.6375481977
    },
    {
      "AR_ORDER":1,
      "fold":2,
      "val_RMSE_1h":13.7416401643,
      "val_RMSE_2h":15.9627335418,
      "val_RMSE_avg":14.852186853
    },
    {
      "AR_ORDER":1,
      "fold":3,
      "val_RMSE_1h":12.635100631,
      "val_RMSE_2h":15.8833853012,
      "val_RMSE_avg":14.2592429661
    },
    {
      "AR_ORDER":1,
      "fold":4,
      "val_RMSE_1h":11.0612109222,
      "val_RMSE_2h":13.3546841622,
      "val_RMSE_avg":12.2079475422
    },
    {
      "AR_ORDER":2,
      "fold":0,
      "val_RMSE_1h":14.5678554468,
      "val_RMSE_2h":16.9657161861,
      "val_RMSE_avg":15.7667858165
    },
    {
      "AR_ORDER":2,
      "fold":1,
      "val_RMSE_1h":17.228661572,
      "val_RMSE_2h":22.396590173,
      "val_RMSE_avg":19.8126258725
    },
    {
      "AR_ORDER":2,
      "fold":2,
      "val_RMSE_1h":13.8327910417,
      "val_RMSE_2h":16.0772189143,
      "val_RMSE_avg":14.955004978
    },
    {
      "AR_ORDER":2,
      "fold":3,
      "val_RMSE_1h":13.1901571005,
      "val_RMSE_2h":16.2998769449,
      "val_RMSE_avg":14.7450170227
    },
    {
      "AR_ORDER":2,
      "fold":4,
      "val_RMSE_1h":10.9120834589,
      "val_RMSE_2h":12.6843254883,
      "val_RMSE_avg":11.7982044736
    },
    {
      "AR_ORDER":3,
      "fold":0,
      "val_RMSE_1h":14.2585365626,
      "val_RMSE_2h":16.3352876232,
      "val_RMSE_avg":15.2969120929
    },
    {
      "AR_ORDER":3,
      "fold":1,
      "val_RMSE_1h":16.7930153066,
      "val_RMSE_2h":22.15651556,
      "val_RMSE_avg":19.4747654333
    },
    {
      "AR_ORDER":3,
      "fold":2,
      "val_RMSE_1h":13.9192461836,
      "val_RMSE_2h":16.1519838221,
      "val_RMSE_avg":15.0356150029
    },
    {
      "AR_ORDER":3,
      "fold":3,
      "val_RMSE_1h":13.3094586277,
      "val_RMSE_2h":16.3000305833,
      "val_RMSE_avg":14.8047446055
    },
    {
      "AR_ORDER":3,
      "fold":4,
      "val_RMSE_1h":10.3141775496,
      "val_RMSE_2h":11.887217112,
      "val_RMSE_avg":11.1006973308
    },
    {
      "AR_ORDER":4,
      "fold":0,
      "val_RMSE_1h":13.9746517342,
      "val_RMSE_2h":16.1258588043,
      "val_RMSE_avg":15.0502552692
    },
    {
      "AR_ORDER":4,
      "fold":1,
      "val_RMSE_1h":16.9083858297,
      "val_RMSE_2h":22.4792465473,
      "val_RMSE_avg":19.6938161885
    },
    {
      "AR_ORDER":4,
      "fold":2,
      "val_RMSE_1h":14.0123744641,
      "val_RMSE_2h":16.2176435592,
      "val_RMSE_avg":15.1150090116
    },
    {
      "AR_ORDER":4,
      "fold":3,
      "val_RMSE_1h":13.4673233429,
      "val_RMSE_2h":16.3350589336,
      "val_RMSE_avg":14.9011911382
    },
    {
      "AR_ORDER":4,
      "fold":4,
      "val_RMSE_1h":9.8530933623,
      "val_RMSE_2h":11.6932911301,
      "val_RMSE_avg":10.7731922462
    },
    {
      "AR_ORDER":5,
      "fold":0,
      "val_RMSE_1h":13.5542979675,
      "val_RMSE_2h":15.8499160525,
      "val_RMSE_avg":14.70210701
    },
    {
      "AR_ORDER":5,
      "fold":1,
      "val_RMSE_1h":16.7226338774,
      "val_RMSE_2h":22.3249295331,
      "val_RMSE_avg":19.5237817053
    },
    {
      "AR_ORDER":5,
      "fold":2,
      "val_RMSE_1h":14.2107609591,
      "val_RMSE_2h":16.2550644235,
      "val_RMSE_avg":15.2329126913
    },
    {
      "AR_ORDER":5,
      "fold":3,
      "val_RMSE_1h":13.5363204463,
      "val_RMSE_2h":15.89901774,
      "val_RMSE_avg":14.7176690931
    },
    {
      "AR_ORDER":5,
      "fold":4,
      "val_RMSE_1h":9.4977578086,
      "val_RMSE_2h":11.2745584499,
      "val_RMSE_avg":10.3861581293
    },
    {
      "AR_ORDER":6,
      "fold":0,
      "val_RMSE_1h":13.3991074912,
      "val_RMSE_2h":15.6854105233,
      "val_RMSE_avg":14.5422590072
    },
    {
      "AR_ORDER":6,
      "fold":1,
      "val_RMSE_1h":16.761346682,