{
  "trainval_storms":[
    "20180504-20180513_nightside_6RE_peak_1h_2h_nolagg",
    "20160822-20160828_nightside_6RE_peak_1h_2h_nolagg",
    "20180418-20180424_nightside_6RE_peak_1h_2h_nolagg",
    "20190509-20190512_nightside_6RE_peak_1h_2h_nolagg",
    "20171104-20171113_nightside_6RE_peak_1h_2h_nolagg",
    "20170926-20171005_nightside_6RE_peak_1h_2h_nolagg",
    "20160507-20160509_nightside_6RE_peak_1h_2h_nolagg",
    "20160405-20160410_nightside_6RE_peak_1h_2h_nolagg",
    "20160801-20160805_nightside_6RE_peak_1h_2h_nolagg",
    "20151218-20151225_nightside_6RE_peak_1h_2h_nolagg",
    "20150910-20150914_nightside_6RE_peak_1h_2h_nolagg",
    "20180824-20180831_nightside_6RE_peak_1h_2h_nolagg",
    "20170325-20170402_nightside_6RE_peak_1h_2h_nolagg",
    "20160401-20160404_nightside_6RE_peak_1h_2h_nolagg",
    "20161011-20161014_nightside_6RE_peak_1h_2h_nolagg",
    "20170905-20170910_nightside_6RE_peak_1h_2h_nolagg",
    "20181102-20181114_nightside_6RE_peak_1h_2h_nolagg",
    "20151006-20151008_nightside_6RE_peak_1h_2h_nolagg",
    "20160305-20160308_nightside_6RE_peak_1h_2h_nolagg",
    "20181005-20181011_nightside_6RE_peak_1h_2h_nolagg",
    "20150918-20150923_nightside_6RE_peak_1h_2h_nolagg"
  ],
  "n_cv_splits":5,
  "test_storms":[
    "20170526-20170531_nightside_6RE_peak_1h_2h_nolagg",
    "20160603-20160609_nightside_6RE_peak_1h_2h_nolagg"
  ],
  "target_variable":"target_Bz_nightside_6RE_t0",
  "exogenous_features":[
    "Bmag",
    "Pdyn",
    "SYMH",
    "Es"
  ],
  "forecast_results":{
    "1h":{
      "metrics":{
        "RMSE":12.5034819157,
        "MAE":9.294590285,
        "R2":0.1909402832
      },
      "storm_metrics":{
        "20170526-20170531_nightside_6RE_peak_1h_2h_nolagg":{
          "RMSE":10.297474416,
          "MAE":7.253967624,
          "R2":0.4280073393
        },
        "20160603-20160609_nightside_6RE_peak_1h_2h_nolagg":{
          "RMSE":14.3748440229,
          "MAE":11.335212946,
          "R2":-0.03042803
        }
      },
      "output_file":"AR_results_Nightside\/AR_results_20260721_192328\/ar_nightside_6RE_Bz_predictions_1h_20260721_192328.csv"
    },
    "2h":{
      "metrics":{
        "RMSE":13.7006547621,
        "MAE":10.6486799347,
        "R2":0.0075487661
      },
      "storm_metrics":{
        "20170526-20170531_nightside_6RE_peak_1h_2h_nolagg":{
          "RMSE":12.4825196787,
          "MAE":8.9705162833,
          "R2":0.1363362384
        },
        "20160603-20160609_nightside_6RE_peak_1h_2h_nolagg":{
          "RMSE":14.8189940377,
          "MAE":12.326843586,
          "R2":-0.1132473313
        }
      },
      "output_file":"AR_results_Nightside\/AR_results_20260721_192328\/ar_nightside_6RE_Bz_predictions_2h_20260721_192328.csv"
    }
  },
  "ar_order_candidates":[
    1,
    2,
    3,
    4,
    5,
    6,
    7,
    8,
    9,
    10,
    11,
    12
  ],
  "ar_order_selected":1,
  "ar_order_cv_rmse":[
    {
      "AR_ORDER":1,
      "cv_RMSE_mean":15.2150525714,
      "cv_RMSE_std":0.7771401168
    },
    {
      "AR_ORDER":2,
      "cv_RMSE_mean":15.3335834776,
      "cv_RMSE_std":0.8468958567
    },
    {
      "AR_ORDER":3,
      "cv_RMSE_mean":15.3889567036,
      "cv_RMSE_std":0.8508805646
    },
    {
      "AR_ORDER":4,
      "cv_RMSE_mean":15.4568111604,
      "cv_RMSE_std":0.8716939757
    },
    {
      "AR_ORDER":5,
      "cv_RMSE_mean":15.5819424055,
      "cv_RMSE_std":0.8980655472
    },
    {
      "AR_ORDER":6,
      "cv_RMSE_mean":15.6001141237,
      "cv_RMSE_std":0.9181356768
    },
    {
      "AR_ORDER":7,
      "cv_RMSE_mean":15.6451480953,
      "cv_RMSE_std":0.9419674906
    },
    {
      "AR_ORDER":8,
      "cv_RMSE_mean":15.7153803515,
      "cv_RMSE_std":0.9634164309
    },
    {
      "AR_ORDER":9,
      "cv_RMSE_mean":15.7553167684,
      "cv_RMSE_std":0.9981982145
    },
    {
      "AR_ORDER":10,
      "cv_RMSE_mean":15.8063208008,
      "cv_RMSE_std":1.0071090614
    },
    {
      "AR_ORDER":11,
      "cv_RMSE_mean":15.8284698092,
      "cv_RMSE_std":1.0336595787
    },
    {
      "AR_ORDER":12,
      "cv_RMSE_mean":15.8646825199,
      "cv_RMSE_std":1.0255169427
    }
  ],
  "ar_order_cv_rmse_by_fold":[
    {
      "AR_ORDER":1,
      "fold":0,
      "val_RMSE_1h":14.1124151288,
      "val_RMSE_2h":16.2557266487,
      "val_RMSE_avg":15.1840708888
    },
    {
      "AR_ORDER":1,
      "fold":1,
      "val_RMSE_1h":15.7492883069,
      "val_RMSE_2h":17.686527433,
      "val_RMSE_avg":16.71790787
    },
    {
      "AR_ORDER":1,
      "fold":2,
      "val_RMSE_1h":14.4238036853,
      "val_RMSE_2h":14.7989295374,
      "val_RMSE_avg":14.6113666114
    },
    {
      "AR_ORDER":1,
      "fold":3,
      "val_RMSE_1h":14.0791602633,
      "val_RMSE_2h":15.6771190068,
      "val_RMSE_avg":14.878139635
    },
    {
      "AR_ORDER":1,
      "fold":4,
      "val_RMSE_1h":14.1457229757,
      "val_RMSE_2h":15.2218327279,
      "val_RMSE_avg":14.6837778518
    },
    {
      "AR_ORDER":2,
      "fold":0,
      "val_RMSE_1h":14.3119525468,
      "val_RMSE_2h":16.3711425438,
      "val_RMSE_avg":15.3415475453
    },
    {
      "AR_ORDER":2,
      "fold":1,
      "val_RMSE_1h":15.9454072786,
      "val_RMSE_2h":17.9168341489,
      "val_RMSE_avg":16.9311207137
    },
    {
      "AR_ORDER":2,
      "fold":2,
      "val_RMSE_1h":14.3585524039,
      "val_RMSE_2h":14.7731905417,
      "val_RMSE_avg":14.5658714728
    },
    {
      "AR_ORDER":2,
      "fold":3,
      "val_RMSE_1h":14.2800939228,
      "val_RMSE_2h":15.9820588155,
      "val_RMSE_avg":15.1310763692
    },
    {
      "AR_ORDER":2,
      "fold":4,
      "val_RMSE_1h":14.1517581694,
      "val_RMSE_2h":15.2448444047,
      "val_RMSE_avg":14.6983012871
    },
    {
      "AR_ORDER":3,
      "fold":0,
      "val_RMSE_1h":14.355714607,
      "val_RMSE_2h":16.4092738343,
      "val_RMSE_avg":15.3824942207
    },
    {
      "AR_ORDER":3,
      "fold":1,
      "val_RMSE_1h":16.0148526775,
      "val_RMSE_2h":17.9821392023,
      "val_RMSE_avg":16.9984959399
    },
    {
      "AR_ORDER":3,
      "fold":2,
      "val_RMSE_1h":14.4808692004,
      "val_RMSE_2h":14.7942187166,
      "val_RMSE_avg":14.6375439585
    },
    {
      "AR_ORDER":3,
      "fold":3,
      "val_RMSE_1h":14.3416388404,
      "val_RMSE_2h":16.0363703483,
      "val_RMSE_avg":15.1890045944
    },
    {
      "AR_ORDER":3,
      "fold":4,
      "val_RMSE_1h":14.2030363506,
      "val_RMSE_2h":15.2714532584,
      "val_RMSE_avg":14.7372448045
    },
    {
      "AR_ORDER":4,
      "fold":0,
      "val_RMSE_1h":14.4136731709,
      "val_RMSE_2h":16.477905907,
      "val_RMSE_avg":15.4457895389
    },
    {
      "AR_ORDER":4,
      "fold":1,
      "val_RMSE_1h":16.0988427042,
      "val_RMSE_2h":18.0995089104,
      "val_RMSE_avg":17.0991758073
    },
    {
      "AR_ORDER":4,
      "fold":2,
      "val_RMSE_1h":14.4666670873,
      "val_RMSE_2h":14.8715763006,
      "val_RMSE_avg":14.669121694
    },
    {
      "AR_ORDER":4,
      "fold":3,
      "val_RMSE_1h":14.4391636128,
      "val_RMSE_2h":16.1316813155,
      "val_RMSE_avg":15.2854224642
    },
    {
      "AR_ORDER":4,
      "fold":4,
      "val_RMSE_1h":14.2638047137,
      "val_RMSE_2h":15.305287881,
      "val_RMSE_avg":14.7845462974
    },
    {
      "AR_ORDER":5,
      "fold":0,
      "val_RMSE_1h":14.4611741102,
      "val_RMSE_2h":16.5556129235,
      "val_RMSE_avg":15.5083935168
    },
    {
      "AR_ORDER":5,
      "fold":1,
      "val_RMSE_1h":16.2314170672,
      "val_RMSE_2h":18.2936068758,
      "val_RMSE_avg":17.2625119715
    },
    {
      "AR_ORDER":5,
      "fold":2,
      "val_RMSE_1h":14.5408283469,
      "val_RMSE_2h":14.9946179288,
      "val_RMSE_avg":14.7677231379
    },
    {
      "AR_ORDER":5,
      "fold":3,
      "val_RMSE_1h":14.628623397,
      "val_RMSE_2h":16.4142711035,
      "val_RMSE_avg":15.5214472503
    },
    {
      "AR_ORDER":5,
      "fold":4,
      "val_RMSE_1h":14.3531419293,
      "val_RMSE_2h":15.3461303726,