{
  "train_storms":[
    "20180504-20180513_dayside_6RE_peak_1h_2h_nolagg",
    "20160822-20160828_dayside_6RE_peak_1h_2h_nolagg",
    "20180418-20180424_dayside_6RE_peak_1h_2h_nolagg",
    "20190509-20190512_dayside_6RE_peak_1h_2h_nolagg",
    "20171104-20171113_dayside_6RE_peak_1h_2h_nolagg",
    "20170926-20171005_dayside_6RE_peak_1h_2h_nolagg",
    "20160507-20160509_dayside_6RE_peak_1h_2h_nolagg",
    "20160405-20160410_dayside_6RE_peak_1h_2h_nolagg",
    "20160801-20160805_dayside_6RE_peak_1h_2h_nolagg",
    "20151218-20151225_dayside_6RE_peak_1h_2h_nolagg",
    "20150910-20150914_dayside_6RE_peak_1h_2h_nolagg",
    "20180824-20180831_dayside_6RE_peak_1h_2h_nolagg",
    "20170325-20170402_dayside_6RE_peak_1h_2h_nolagg",
    "20160401-20160404_dayside_6RE_peak_1h_2h_nolagg",
    "20161011-20161014_dayside_6RE_peak_1h_2h_nolagg",
    "20170905-20170910_dayside_6RE_peak_1h_2h_nolagg",
    "20181102-20181114_dayside_6RE_peak_1h_2h_nolagg",
    "20151006-20151008_dayside_6RE_peak_1h_2h_nolagg"
  ],
  "validation_storms":[
    "20160305-20160308_dayside_6RE_peak_1h_2h_nolagg",
    "20181005-20181011_dayside_6RE_peak_1h_2h_nolagg"
  ],
  "test_storms":[
    "20150918-20150923_dayside_6RE_peak_1h_2h_nolagg",
    "20170526-20170531_dayside_6RE_peak_1h_2h_nolagg",
    "20160603-20160609_dayside_6RE_peak_1h_2h_nolagg"
  ],
  "target_variable":"target_Bz_dayside_6RE_t0",
  "exogenous_features":[
    "BZ_used",
    "Pdyn",
    "SYMH",
    "Ey",
    "Es"
  ],
  "forecast_results":{
    "1h":{
      "metrics":{
        "RMSE":16.0983101343,
        "MAE":12.1369767634,
        "R2":0.5700587694
      },
      "output_file":"AR_results\/AR_results_20260713_173736\/ar_dayside_6RE_Bz_predictions_1h_20260713_173736.csv"
    },
    "2h":{
      "metrics":{
        "RMSE":18.7662464838,
        "MAE":13.7984997671,
        "R2":0.3661041758
      },
      "output_file":"AR_results\/AR_results_20260713_173736\/ar_dayside_6RE_Bz_predictions_2h_20260713_173736.csv"
    }
  },
  "ar_order_candidates":[
    1,
    2,
    3,
    4,
    5,
    6,
    7,
    8,
    9,
    10,
    11,
    12,
    13,
    14
  ],
  "ar_order_selected":10,
  "ar_order_validation_rmse":[
    {
      "AR_ORDER":10,
      "val_RMSE_1h":8.5308412704,
      "val_RMSE_2h":8.8790191124,
      "val_RMSE_avg":8.7049301914
    },
    {
      "AR_ORDER":11,
      "val_RMSE_1h":8.490638379,
      "val_RMSE_2h":8.9519515499,
      "val_RMSE_avg":8.7212949645
    },
    {
      "AR_ORDER":12,
      "val_RMSE_1h":8.5474520453,
      "val_RMSE_2h":9.0003985925,
      "val_RMSE_avg":8.7739253189
    },
    {
      "AR_ORDER":14,
      "val_RMSE_1h":8.6241673651,
      "val_RMSE_2h":8.9413292663,
      "val_RMSE_avg":8.7827483157
    },
    {
      "AR_ORDER":13,
      "val_RMSE_1h":8.5891698532,
      "val_RMSE_2h":8.9922564087,
      "val_RMSE_avg":8.790713131
    },
    {
      "AR_ORDER":8,
      "val_RMSE_1h":8.8122045894,
      "val_RMSE_2h":8.7775206822,
      "val_RMSE_avg":8.7948626358
    },
    {
      "AR_ORDER":9,
      "val_RMSE_1h":8.7416920095,
      "val_RMSE_2h":8.8545941103,
      "val_RMSE_avg":8.7981430599
    },
    {
      "AR_ORDER":7,
      "val_RMSE_1h":8.9723482168,
      "val_RMSE_2h":8.8301220102,
      "val_RMSE_avg":8.9012351135
    },
    {
      "AR_ORDER":6,
      "val_RMSE_1h":9.1326459418,
      "val_RMSE_2h":8.8130722548,
      "val_RMSE_avg":8.9728590983
    },
    {
      "AR_ORDER":5,
      "val_RMSE_1h":9.2849968893,
      "val_RMSE_2h":8.805043911,
      "val_RMSE_avg":9.0450204002
    },
    {
      "AR_ORDER":4,
      "val_RMSE_1h":9.4258131186,
      "val_RMSE_2h":8.8867029224,
      "val_RMSE_avg":9.1562580205
    },
    {
      "AR_ORDER":3,
      "val_RMSE_1h":9.4182801702,
      "val_RMSE_2h":9.171508237,
      "val_RMSE_avg":9.2948942036
    },
    {
      "AR_ORDER":2,
      "val_RMSE_1h":9.3905669761,
      "val_RMSE_2h":9.2982647354,
      "val_RMSE_avg":9.3444158558
    },
    {
      "AR_ORDER":1,
      "val_RMSE_1h":9.4775151558,
      "val_RMSE_2h":9.6819548046,
      "val_RMSE_avg":9.5797349802
    }
  ],
  "model":"AutoReg(lags=10)"
}