{
  "trainval_storms":[
    "20180504-20180513_Bz_6RE_4regions",
    "20160822-20160828_Bz_6RE_4regions",
    "20180418-20180424_Bz_6RE_4regions",
    "20190509-20190512_Bz_6RE_4regions",
    "20171104-20171113_Bz_6RE_4regions",
    "20170926-20171005_Bz_6RE_4regions",
    "20160507-20160509_Bz_6RE_4regions",
    "20160405-20160410_Bz_6RE_4regions",
    "20160801-20160805_Bz_6RE_4regions",
    "20151218-20151225_Bz_6RE_4regions",
    "20150910-20150914_Bz_6RE_4regions",
    "20180824-20180831_Bz_6RE_4regions",
    "20170325-20170402_Bz_6RE_4regions",
    "20160401-20160404_Bz_6RE_4regions",
    "20161011-20161014_Bz_6RE_4regions",
    "20170905-20170910_Bz_6RE_4regions",
    "20181102-20181114_Bz_6RE_4regions",
    "20151006-20151008_Bz_6RE_4regions",
    "20160305-20160308_Bz_6RE_4regions",
    "20181005-20181011_Bz_6RE_4regions",
    "20150918-20150923_Bz_6RE_4regions"
  ],
  "n_cv_splits":5,
  "test_storms":[
    "20170526-20170531_Bz_6RE_4regions",
    "20160603-20160609_Bz_6RE_4regions"
  ],
  "regions":[
    "dayside",
    "duskside",
    "dawnside"
  ],
  "endogenous_columns":[
    "target_Bz_dayside_t0",
    "target_Bz_duskside_t0",
    "target_Bz_dawnside_t0"
  ],
  "exogenous_features":[
    "Pdyn",
    "SYMH",
    "Es"
  ],
  "forecast_results":{
    "1h":{
      "metrics":{
        "dayside":{
          "RMSE":10.6732235473,
          "MAE":8.3965433117,
          "R2":0.8758876597
        },
        "duskside":{
          "RMSE":16.2518129035,
          "MAE":12.2377090731,
          "R2":0.7335825133
        },
        "dawnside":{
          "RMSE":11.2386244327,
          "MAE":8.7096411356,
          "R2":0.8136456311
        }
      },
      "storm_metrics":{
        "20170526-20170531_Bz_6RE_4regions":{
          "dayside":{
            "RMSE":11.1838940586,
            "MAE":9.10379267,
            "R2":0.8723268499
          },
          "duskside":{
            "RMSE":12.4040480275,
            "MAE":9.4286522112,
            "R2":0.8137652727
          },
          "dawnside":{
            "RMSE":10.4182071262,
            "MAE":8.3965632022,
            "R2":0.8474747403
          }
        },
        "20160603-20160609_Bz_6RE_4regions":{
          "dayside":{
            "RMSE":10.1368592506,
            "MAE":7.6892939534,
            "R2":0.8234170488
          },
          "duskside":{
            "RMSE":19.3489647742,
            "MAE":15.0467659349,
            "R2":0.6556969792
          },
          "dawnside":{
            "RMSE":12.003096207,
            "MAE":9.0227190689,
            "R2":0.7442565266
          }
        }
      },
      "output_file":"VARX_results\/VARX_results_20260721_105917\/varx_4region_Bz_predictions_1h_20260721_105917.csv"
    },
    "2h":{
      "metrics":{
        "dayside":{
          "RMSE":13.8277458612,
          "MAE":11.1825528066,
          "R2":0.7930738822
        },
        "duskside":{
          "RMSE":19.9476708001,
          "MAE":16.0736475392,
          "R2":0.5869020191
        },
        "dawnside":{
          "RMSE":15.2245336825,
          "MAE":11.9342117027,
          "R2":0.6491614763
        }
      },
      "storm_metrics":{
        "20170526-20170531_Bz_6RE_4regions":{
          "dayside":{
            "RMSE":14.6605080421,
            "MAE":12.0770039818,
            "R2":0.7839532089
          },
          "duskside":{
            "RMSE":16.4379140677,
            "MAE":12.8867732998,
            "R2":0.6563671396
          },
          "dawnside":{
            "RMSE":15.0763580878,
            "MAE":12.0996198896,
            "R2":0.6719762601
          }
        },
        "20160603-20160609_Bz_6RE_4regions":{
          "dayside":{
            "RMSE":12.9415074529,
            "MAE":10.2881016314,
            "R2":0.7120693258
          },
          "duskside":{
            "RMSE":22.9262757944,
            "MAE":19.2605217786,
            "R2":0.5083235422
          },
          "dawnside":{
            "RMSE":15.3712809651,
            "MAE":11.7688035157,
            "R2":0.5678759321
          }
        }
      },
      "output_file":"VARX_results\/VARX_results_20260721_105917\/varx_4region_Bz_predictions_2h_20260721_105917.csv"
    }
  },
  "var_order_candidates":[
    1,
    2,
    3,
    4,
    5,
    6,
    7,
    8,
    9,
    10,
    11,
    12
  ],
  "var_order_selected":1,
  "var_order_cv_rmse":[
    {
      "VAR_ORDER":1,
      "cv_RMSE_mean":13.4593450108,
      "cv_RMSE_std":0.8219326333
    },
    {
      "VAR_ORDER":3,
      "cv_RMSE_mean":13.6713729639,
      "cv_RMSE_std":0.8274870319
    },
    {
      "VAR_ORDER":5,
      "cv_RMSE_mean":13.6771640127,
      "cv_RMSE_std":0.829038724
    },
    {
      "VAR_ORDER":4,
      "cv_RMSE_mean":13.7067337432,
      "cv_RMSE_std":0.8297762116
    },
    {
      "VAR_ORDER":2,
      "cv_RMSE_mean":13.707251544,
      "cv_RMSE_std":0.863031211
    },
    {
      "VAR_ORDER":6,
      "cv_RMSE_mean":13.7596895412,
      "cv_RMSE_std":0.8418940711
    },
    {
      "VAR_ORDER":7,
      "cv_RMSE_mean":13.8169109151,
      "cv_RMSE_std":0.8546937092
    },
    {
      "VAR_ORDER":8,
      "cv_RMSE_mean":13.8700938921,
      "cv_RMSE_std":0.8349667344
    },
    {
      "VAR_ORDER":9,
      "cv_RMSE_mean":13.9041176115,
      "cv_RMSE_std":0.8239349304
    },
    {
      "VAR_ORDER":10,
      "cv_RMSE_mean":13.9416986076,
      "cv_RMSE_std":0.8233129786
    },
    {
      "VAR_ORDER":11,
      "cv_RMSE_mean":14.0042671436,
      "cv_RMSE_std":0.870239616
    },
    {
      "VAR_ORDER":12,
      "cv_RMSE_mean":14.0540175867,
      "cv_RMSE_std":0.843787951
    }
  ],
  "var_order_cv_rmse_by_fold":[
    {
      "VAR_ORDER":1,
      "fold":0,
      "val_RMSE_1h":12.7747734605,
      "val_RMSE_2h":16.2422281131,
      "val_RMSE_avg":14.5085007868
    },
    {
      "VAR_ORDER":1,
      "fold":1,
      "val_RMSE_1h":12.742890921,
      "val_RMSE_2h":15.3999326571,
      "val_RMSE_avg":14.071411789
    },
    {
      "VAR_ORDER":1,
      "fold":2,
      "val_RMSE_1h":11.4584346549,
      "val_RMSE_2h":13.6158024847,
      "val_RMSE_avg":12.5371185698
    },
    {
      "VAR_ORDER":1,
      "fold":3,
      "val_RMSE_1h":11.2076862215,
      "val_RMSE_2h":13.7238462799,
      "val_RMSE_avg":12.4657662507
    },
    {
      "VAR_ORDER":1,
      "fold":4,
      "val_RMSE_1h":11.9690391167,
      "val_RMSE_2h":15.458816199,
      "val_RMSE_avg":13.7139276578
    },
    {
      "VAR_ORDER":2,
      "fold":0,
      "val_RMSE_1h":12.8896383334,
      "val_RMSE_2h":16.6950023474,
      "val_RMSE_avg":14.7923203404
    },
    {
      "VAR_ORDER":2,
      "fold":1,
      "val_RMSE_1h":13.189858845,
      "val_RMSE_2h":15.6565759225,
      "val_RMSE_avg":14.4232173838
    },
    {
      "VAR_ORDER":2,
      "fold":2,
      "val_RMSE_1h":11.2970161761,
      "val_RMSE_2h":13.5915743296,
      "val_RMSE_avg":12.4442952528
    },
    {
      "VAR_ORDER":2,
      "fold":3,
      "val_RMSE_1h":11.582085374,
      "val_RMSE_2h":14.5271233196,
      "val_RMSE_avg":13.0546043468
    },
    {
      "VAR_ORDER":2,
      "fold":4,
      "val_RMSE_1h":11.9951695171,
      "val_RMSE_2h":15.6484712753,
      "val_RMSE_avg":13.8218203962
    },
    {
      "VAR_ORDER":3,
      "fold":0,
      "val_RMSE_1h":12.8541424099,
      "val_RMSE_2h":16.5993998092,
      "val_RMSE_avg":14.7267711096
    },
    {
      "VAR_ORDER":3,
      "fold":1,
      "val_RMSE_1h":13.109410013,
      "val_RMSE_2h":15.6618348262,
      "val_RMSE_avg":14.3856224196
    },
    {
      "VAR_ORDER":3,
      "fold":2,
      "val_RMSE_1h":11.3267809928,
      "val_RMSE_2h":13.6290850114,
      "val_RMSE_avg":12.4779330021
    },
    {
      "VAR_ORDER":3,
      "fold":3,
      "val_RMSE_1h":11.5932530028,
      "val_RMSE_2h":14.526215205,
      "val_RMSE_avg":13.0597341039
    },
    {
      "VAR_ORDER":3,
      "fold":4,
      "val_RMSE_1h":11.8998570906,
      "val_RMSE_2h":15.5137512775,
      "val_RMSE_avg":13.7068041841
    },
    {
      "VAR_ORDER":4,