{
  "trainval_storms":[
    "20180504-20180513_dayside_6RE_peak_1h_2h_nolagg",
    "20160822-20160828_dayside_6RE_peak_1h_2h_nolagg",
    "20180418-20180424_dayside_6RE_peak_1h_2h_nolagg",
    "20190509-20190512_dayside_6RE_peak_1h_2h_nolagg",
    "20171104-20171113_dayside_6RE_peak_1h_2h_nolagg",
    "20170926-20171005_dayside_6RE_peak_1h_2h_nolagg",
    "20160507-20160509_dayside_6RE_peak_1h_2h_nolagg",
    "20160405-20160410_dayside_6RE_peak_1h_2h_nolagg",
    "20160801-20160805_dayside_6RE_peak_1h_2h_nolagg",
    "20151218-20151225_dayside_6RE_peak_1h_2h_nolagg",
    "20150910-20150914_dayside_6RE_peak_1h_2h_nolagg",
    "20180824-20180831_dayside_6RE_peak_1h_2h_nolagg",
    "20170325-20170402_dayside_6RE_peak_1h_2h_nolagg",
    "20160401-20160404_dayside_6RE_peak_1h_2h_nolagg",
    "20161011-20161014_dayside_6RE_peak_1h_2h_nolagg",
    "20170905-20170910_dayside_6RE_peak_1h_2h_nolagg",
    "20181102-20181114_dayside_6RE_peak_1h_2h_nolagg",
    "20151006-20151008_dayside_6RE_peak_1h_2h_nolagg",
    "20160305-20160308_dayside_6RE_peak_1h_2h_nolagg",
    "20181005-20181011_dayside_6RE_peak_1h_2h_nolagg",
    "20150918-20150923_dayside_6RE_peak_1h_2h_nolagg"
  ],
  "n_cv_splits":5,
  "test_storms":[
    "20170526-20170531_dayside_6RE_peak_1h_2h_nolagg",
    "20160603-20160609_dayside_6RE_peak_1h_2h_nolagg"
  ],
  "target_variable":"target_Bz_dayside_6RE_t0",
  "exogenous_features":[
    "Bmag",
    "Pdyn",
    "SYMH",
    "Es"
  ],
  "forecast_results":{
    "1h":{
      "metrics":{
        "RMSE":12.0745473537,
        "MAE":9.6354997725,
        "R2":0.8421677882
      },
      "storm_metrics":{
        "20170526-20170531_dayside_6RE_peak_1h_2h_nolagg":{
          "RMSE":11.6988911954,
          "MAE":9.6682941124,
          "R2":0.8623251583
        },
        "20160603-20160609_dayside_6RE_peak_1h_2h_nolagg":{
          "RMSE":12.4388637902,
          "MAE":9.6027054326,
          "R2":0.7321007111
        }
      },
      "output_file":"AR_results\/AR_results_20260721_174417\/ar_dayside_6RE_Bz_predictions_1h_20260721_174417.csv"
    },
    "2h":{
      "metrics":{
        "RMSE":15.9460580975,
        "MAE":13.0504251164,
        "R2":0.7278123325
      },
      "storm_metrics":{
        "20170526-20170531_dayside_6RE_peak_1h_2h_nolagg":{
          "RMSE":15.3275136883,
          "MAE":12.9114499402,
          "R2":0.7672890553
        },
        "20160603-20160609_dayside_6RE_peak_1h_2h_nolagg":{
          "RMSE":16.5414891055,
          "MAE":13.1894002925,
          "R2":0.5301930943
        }
      },
      "output_file":"AR_results\/AR_results_20260721_174417\/ar_dayside_6RE_Bz_predictions_2h_20260721_174417.csv"
    }
  },
  "ar_order_candidates":[
    1,
    2,
    3,
    4,
    5,
    6,
    7,
    8,
    9,
    10,
    11,
    12
  ],
  "ar_order_selected":1,
  "ar_order_cv_rmse":[
    {
      "AR_ORDER":1,
      "cv_RMSE_mean":12.0752460997,
      "cv_RMSE_std":2.4358378899
    },
    {
      "AR_ORDER":3,
      "cv_RMSE_mean":12.0868942542,
      "cv_RMSE_std":2.3766790803
    },
    {
      "AR_ORDER":4,
      "cv_RMSE_mean":12.1422720136,
      "cv_RMSE_std":2.3849207717
    },
    {
      "AR_ORDER":2,
      "cv_RMSE_mean":12.1750362823,
      "cv_RMSE_std":2.4827688359
    },
    {
      "AR_ORDER":5,
      "cv_RMSE_mean":12.1886907808,
      "cv_RMSE_std":2.4031113504
    },
    {
      "AR_ORDER":6,
      "cv_RMSE_mean":12.2903855469,
      "cv_RMSE_std":2.459978638
    },
    {
      "AR_ORDER":12,
      "cv_RMSE_mean":12.2970854893,
      "cv_RMSE_std":2.5862213988
    },
    {
      "AR_ORDER":11,
      "cv_RMSE_mean":12.3587965854,
      "cv_RMSE_std":2.5318696424
    },
    {
      "AR_ORDER":7,
      "cv_RMSE_mean":12.3676256968,
      "cv_RMSE_std":2.4751913178
    },
    {
      "AR_ORDER":10,
      "cv_RMSE_mean":12.4192963203,
      "cv_RMSE_std":2.4996920823
    },
    {
      "AR_ORDER":8,
      "cv_RMSE_mean":12.4194697022,
      "cv_RMSE_std":2.4831189461
    },
    {
      "AR_ORDER":9,
      "cv_RMSE_mean":12.4513077878,
      "cv_RMSE_std":2.5052922274
    }
  ],
  "ar_order_cv_rmse_by_fold":[
    {
      "AR_ORDER":1,
      "fold":0,
      "val_RMSE_1h":10.812239536,
      "val_RMSE_2h":13.5841268541,
      "val_RMSE_avg":12.1981831951
    },
    {
      "AR_ORDER":1,
      "fold":1,
      "val_RMSE_1h":14.466963159,
      "val_RMSE_2h":18.8388779944,
      "val_RMSE_avg":16.6529205767
    },
    {
      "AR_ORDER":1,
      "fold":2,
      "val_RMSE_1h":9.0369844225,
      "val_RMSE_2h":10.2537158104,
      "val_RMSE_avg":9.6453501164
    },
    {
      "AR_ORDER":1,
      "fold":3,
      "val_RMSE_1h":9.6079406124,
      "val_RMSE_2h":11.6178561075,
      "val_RMSE_avg":10.61289836
    },
    {
      "AR_ORDER":1,
      "fold":4,
      "val_RMSE_1h":9.9939461459,
      "val_RMSE_2h":12.5398103546,
      "val_RMSE_avg":11.2668782502
    },
    {
      "AR_ORDER":2,
      "fold":0,
      "val_RMSE_1h":10.9409627114,
      "val_RMSE_2h":13.7453654834,
      "val_RMSE_avg":12.3431640974
    },
    {
      "AR_ORDER":2,
      "fold":1,
      "val_RMSE_1h":14.630003632,
      "val_RMSE_2h":19.0354965668,
      "val_RMSE_avg":16.8327500994
    },
    {
      "AR_ORDER":2,
      "fold":2,
      "val_RMSE_1h":9.0758883856,
      "val_RMSE_2h":10.306675125,
      "val_RMSE_avg":9.6912817553
    },
    {
      "AR_ORDER":2,
      "fold":3,
      "val_RMSE_1h":9.6766908136,
      "val_RMSE_2h":11.720691755,
      "val_RMSE_avg":10.6986912843
    },
    {
      "AR_ORDER":2,
      "fold":4,
      "val_RMSE_1h":10.0327794399,
      "val_RMSE_2h":12.5858089107,
      "val_RMSE_avg":11.3092941753
    },
    {
      "AR_ORDER":3,
      "fold":0,
      "val_RMSE_1h":10.859560661,
      "val_RMSE_2h":13.6255583104,
      "val_RMSE_avg":12.2425594857
    },
    {
      "AR_ORDER":3,
      "fold":1,
      "val_RMSE_1h":14.3689857879,
      "val_RMSE_2h":18.7154735119,
      "val_RMSE_avg":16.5422296499
    },
    {
      "AR_ORDER":3,
      "fold":2,
      "val_RMSE_1h":9.1112794779,
      "val_RMSE_2h":10.3626575888,
      "val_RMSE_avg":9.7369685333
    },
    {
      "AR_ORDER":3,
      "fold":3,
      "val_RMSE_1h":9.5594757135,
      "val_RMSE_2h":11.5911468936,
      "val_RMSE_avg":10.5753113036
    },
    {
      "AR_ORDER":3,
      "fold":4,
      "val_RMSE_1h":10.0656117225,
      "val_RMSE_2h":12.6091928741,
      "val_RMSE_avg":11.3374022983
    },
    {
      "AR_ORDER":4,
      "fold":0,
      "val_RMSE_1h":10.9150356091,
      "val_RMSE_2h":13.6749333451,
      "val_RMSE_avg":12.2949844771
    },
    {
      "AR_ORDER":4,
      "fold":1,
      "val_RMSE_1h":14.4328837708,
      "val_RMSE_2h":18.7961911774,
      "val_RMSE_avg":16.6145374741
    },
    {
      "AR_ORDER":4,
      "fold":2,
      "val_RMSE_1h":9.1676603361,
      "val_RMSE_2h":10.4101533639,
      "val_RMSE_avg":9.78890685
    },
    {
      "AR_ORDER":4,
      "fold":3,
      "val_RMSE_1h":9.6080074635,
      "val_RMSE_2h":11.6350976779,
      "val_RMSE_avg":10.6215525707
    },
    {
      "AR_ORDER":4,
      "fold":4,
      "val_RMSE_1h":10.1280358387,
      "val_RMSE_2h":12.6547215536,
      "val_RMSE_avg":11.3913786962
    },
    {
      "AR_ORDER":5,
      "fold":0,
      "val_RMSE_1h":10.9815652168,
      "val_RMSE_2h":13.6451500419,
      "val_RMSE_avg":12.3133576293
    },
    {
      "AR_ORDER":5,
      "fold":1,
      "val_RMSE_1h":14.5145623087,
      "val_RMSE_2h":18.8961422243,
      "val_RMSE_avg":16.7053522665
    },
    {
      "AR_ORDER":5,
      "fold":2,
      "val_RMSE_1h":9.240659477,
      "val_RMSE_2h":10.4450546935,
      "val_RMSE_avg":9.8428570852
    },
    {
      "AR_ORDER":5,
      "fold":3,
      "val_RMSE_1h":9.6385924903,
      "val_RMSE_2h":11.6415906627,
      "val_RMSE_avg":10.6400915765
    },
    {
      "AR_ORDER":5,
      "fold":4,
      "val_RMSE_1h":10.2054098676,
      "val_RMSE_2h":12.678180825,
      "val_RMSE_avg":11.4417953463
    },
    {
      "AR_ORDER":6,
      "fold":0,