{
  "train_storms":[
    "20180504-20180513_dayside_6RE_peak_1h_2h_nolagg",
    "20160822-20160828_dayside_6RE_peak_1h_2h_nolagg",
    "20180418-20180424_dayside_6RE_peak_1h_2h_nolagg",
    "20190509-20190512_dayside_6RE_peak_1h_2h_nolagg",
    "20171104-20171113_dayside_6RE_peak_1h_2h_nolagg",
    "20170926-20171005_dayside_6RE_peak_1h_2h_nolagg",
    "20160507-20160509_dayside_6RE_peak_1h_2h_nolagg",
    "20160405-20160410_dayside_6RE_peak_1h_2h_nolagg",
    "20160801-20160805_dayside_6RE_peak_1h_2h_nolagg",
    "20151218-20151225_dayside_6RE_peak_1h_2h_nolagg",
    "20150910-20150914_dayside_6RE_peak_1h_2h_nolagg",
    "20180824-20180831_dayside_6RE_peak_1h_2h_nolagg",
    "20170325-20170402_dayside_6RE_peak_1h_2h_nolagg",
    "20160401-20160404_dayside_6RE_peak_1h_2h_nolagg",
    "20161011-20161014_dayside_6RE_peak_1h_2h_nolagg",
    "20170905-20170910_dayside_6RE_peak_1h_2h_nolagg",
    "20181102-20181114_dayside_6RE_peak_1h_2h_nolagg",
    "20151006-20151008_dayside_6RE_peak_1h_2h_nolagg"
  ],
  "validation_storms":[
    "20160305-20160308_dayside_6RE_peak_1h_2h_nolagg",
    "20181005-20181011_dayside_6RE_peak_1h_2h_nolagg"
  ],
  "test_storms":[
    "20150918-20150923_dayside_6RE_peak_1h_2h_nolagg",
    "20170526-20170531_dayside_6RE_peak_1h_2h_nolagg",
    "20160603-20160609_dayside_6RE_peak_1h_2h_nolagg"
  ],
  "target_variable":"target_Bz_dayside_6RE_t0",
  "exogenous_features":[
    "Pdyn",
    "SYMH",
    "Es"
  ],
  "forecast_results":{
    "1h":{
      "metrics":{
        "RMSE":9.1466249922,
        "MAE":7.0798587578,
        "R2":0.8740203874
      },
      "storm_metrics":{
        "20150918-20150923_dayside_6RE_peak_1h_2h_nolagg":{
          "RMSE":5.5650377561,
          "MAE":4.1510489048,
          "R2":0.7906179383
        },
        "20170526-20170531_dayside_6RE_peak_1h_2h_nolagg":{
          "RMSE":9.4107263381,
          "MAE":7.6864631504,
          "R2":0.8892134478
        },
        "20160603-20160609_dayside_6RE_peak_1h_2h_nolagg":{
          "RMSE":11.465200862,
          "MAE":9.4020642182,
          "R2":0.7788184459
        }
      },
      "output_file":"AR_results\/AR_results_20260714_234306\/ar_dayside_6RE_Bz_predictions_1h_20260714_234306.csv"
    },
    "2h":{
      "metrics":{
        "RMSE":12.3178941117,
        "MAE":9.5219938114,
        "R2":0.7709783309
      },
      "storm_metrics":{
        "20150918-20150923_dayside_6RE_peak_1h_2h_nolagg":{
          "RMSE":6.0724178027,
          "MAE":4.5287931341,
          "R2":0.7444681779
        },
        "20170526-20170531_dayside_6RE_peak_1h_2h_nolagg":{
          "RMSE":12.8977745955,
          "MAE":10.684088743,
          "R2":0.7914843088
        },
        "20160603-20160609_dayside_6RE_peak_1h_2h_nolagg":{
          "RMSE":15.8733959364,
          "MAE":13.3530995573,
          "R2":0.5701163702
        }
      },
      "output_file":"AR_results\/AR_results_20260714_234306\/ar_dayside_6RE_Bz_predictions_2h_20260714_234306.csv"
    }
  },
  "ar_order_candidates":[
    1,
    2
  ],
  "ar_order_selected":1,
  "ar_order_validation_rmse":[
    {
      "AR_ORDER":1,
      "val_RMSE_1h":7.8629154858,
      "val_RMSE_2h":9.0237726208,
      "val_RMSE_avg":8.4433440533
    },
    {
      "AR_ORDER":2,
      "val_RMSE_1h":7.9123427826,
      "val_RMSE_2h":9.0425222281,
      "val_RMSE_avg":8.4774325054
    }
  ],
  "model":"AutoReg(lags=1)"
}