{
  "trainval_storms":[
    "20180504-20180513_dayside_6RE_peak_1h_2h_nolagg",
    "20160822-20160828_dayside_6RE_peak_1h_2h_nolagg",
    "20180418-20180424_dayside_6RE_peak_1h_2h_nolagg",
    "20190509-20190512_dayside_6RE_peak_1h_2h_nolagg",
    "20171104-20171113_dayside_6RE_peak_1h_2h_nolagg",
    "20170926-20171005_dayside_6RE_peak_1h_2h_nolagg",
    "20160507-20160509_dayside_6RE_peak_1h_2h_nolagg",
    "20160405-20160410_dayside_6RE_peak_1h_2h_nolagg",
    "20160801-20160805_dayside_6RE_peak_1h_2h_nolagg",
    "20151218-20151225_dayside_6RE_peak_1h_2h_nolagg",
    "20150910-20150914_dayside_6RE_peak_1h_2h_nolagg",
    "20180824-20180831_dayside_6RE_peak_1h_2h_nolagg",
    "20170325-20170402_dayside_6RE_peak_1h_2h_nolagg",
    "20160401-20160404_dayside_6RE_peak_1h_2h_nolagg",
    "20161011-20161014_dayside_6RE_peak_1h_2h_nolagg",
    "20170905-20170910_dayside_6RE_peak_1h_2h_nolagg",
    "20181102-20181114_dayside_6RE_peak_1h_2h_nolagg",
    "20151006-20151008_dayside_6RE_peak_1h_2h_nolagg",
    "20160305-20160308_dayside_6RE_peak_1h_2h_nolagg",
    "20181005-20181011_dayside_6RE_peak_1h_2h_nolagg",
    "20150918-20150923_dayside_6RE_peak_1h_2h_nolagg"
  ],
  "n_cv_splits":5,
  "test_storms":[
    "20170526-20170531_dayside_6RE_peak_1h_2h_nolagg",
    "20160603-20160609_dayside_6RE_peak_1h_2h_nolagg"
  ],
  "target_variable":"target_Bz_dayside_6RE_t0",
  "exogenous_features":[
    "BZ_used",
    "Pdyn",
    "SYMH",
    "Ey",
    "Es"
  ],
  "forecast_results":{
    "1h":{
      "metrics":{
        "RMSE":10.7610503306,
        "MAE":8.8943241951,
        "R2":0.8540380409
      },
      "storm_metrics":{
        "20170526-20170531_dayside_6RE_peak_1h_2h_nolagg":{
          "RMSE":9.7748084123,
          "MAE":8.1532880509,
          "R2":0.8803230141
        },
        "20160603-20160609_dayside_6RE_peak_1h_2h_nolagg":{
          "RMSE":11.6641985982,
          "MAE":9.6353603394,
          "R2":0.7696073849
        }
      },
      "output_file":"AR_results\/AR_results_20260715_194423\/ar_dayside_6RE_Bz_predictions_1h_20260715_194423.csv"
    },
    "2h":{
      "metrics":{
        "RMSE":14.9449178603,
        "MAE":12.5363405406,
        "R2":0.7174369855
      },
      "storm_metrics":{
        "20170526-20170531_dayside_6RE_peak_1h_2h_nolagg":{
          "RMSE":13.5654383497,
          "MAE":11.3907595836,
          "R2":0.7691579631
        },
        "20160603-20160609_dayside_6RE_peak_1h_2h_nolagg":{
          "RMSE":16.207406396,
          "MAE":13.6819214977,
          "R2":0.5511664573
        }
      },
      "output_file":"AR_results\/AR_results_20260715_194423\/ar_dayside_6RE_Bz_predictions_2h_20260715_194423.csv"
    }
  },
  "ar_order_candidates":[
    1,
    2,
    3,
    4,
    5,
    6,
    7,
    8,
    9
  ],
  "ar_order_selected":1,
  "ar_order_cv_rmse":[
    {
      "AR_ORDER":1,
      "cv_RMSE_mean":11.2360925184,
      "cv_RMSE_std":1.0370516678
    },
    {
      "AR_ORDER":2,
      "cv_RMSE_mean":11.4103242971,
      "cv_RMSE_std":1.0988732055
    },
    {
      "AR_ORDER":3,
      "cv_RMSE_mean":11.47087003,
      "cv_RMSE_std":1.1078778235
    },
    {
      "AR_ORDER":4,
      "cv_RMSE_mean":11.5785593824,
      "cv_RMSE_std":1.116092848
    },
    {
      "AR_ORDER":5,
      "cv_RMSE_mean":11.6434263105,
      "cv_RMSE_std":1.1242428625
    },
    {
      "AR_ORDER":6,
      "cv_RMSE_mean":11.7349580871,
      "cv_RMSE_std":1.1472976973
    },
    {
      "AR_ORDER":7,
      "cv_RMSE_mean":11.8040984314,
      "cv_RMSE_std":1.1440301755
    },
    {
      "AR_ORDER":9,
      "cv_RMSE_mean":11.8676700168,
      "cv_RMSE_std":1.101635817
    },
    {
      "AR_ORDER":8,
      "cv_RMSE_mean":11.8681342138,
      "cv_RMSE_std":1.1346227031
    }
  ],
  "ar_order_cv_rmse_by_fold":[
    {
      "AR_ORDER":1,
      "fold":0,
      "val_RMSE_1h":10.7506509456,
      "val_RMSE_2h":14.3784959113,
      "val_RMSE_avg":12.5645734284
    },
    {
      "AR_ORDER":1,
      "fold":1,
      "val_RMSE_1h":10.0552292051,
      "val_RMSE_2h":13.1165644574,
      "val_RMSE_avg":11.5858968312
    },
    {
      "AR_ORDER":1,
      "fold":2,
      "val_RMSE_1h":9.2263464291,
      "val_RMSE_2h":11.4852986249,
      "val_RMSE_avg":10.355822527
    },
    {
      "AR_ORDER":1,
      "fold":3,
      "val_RMSE_1h":8.4218908794,
      "val_RMSE_2h":11.062819262,
      "val_RMSE_avg":9.7423550707
    },
    {
      "AR_ORDER":1,
      "fold":4,
      "val_RMSE_1h":10.1027569506,
      "val_RMSE_2h":13.7608725189,
      "val_RMSE_avg":11.9318147348
    },
    {
      "AR_ORDER":2,
      "fold":0,
      "val_RMSE_1h":11.0308825289,
      "val_RMSE_2h":14.8543315154,
      "val_RMSE_avg":12.9426070221
    },
    {
      "AR_ORDER":2,
      "fold":1,
      "val_RMSE_1h":10.2652088893,
      "val_RMSE_2h":13.3814665564,
      "val_RMSE_avg":11.8233377229
    },
    {
      "AR_ORDER":2,
      "fold":2,
      "val_RMSE_1h":9.2531185091,
      "val_RMSE_2h":11.5226428541,
      "val_RMSE_avg":10.3878806816
    },
    {
      "AR_ORDER":2,
      "fold":3,
      "val_RMSE_1h":8.5935824572,
      "val_RMSE_2h":11.2803945278,
      "val_RMSE_avg":9.9369884925
    },
    {
      "AR_ORDER":2,
      "fold":4,
      "val_RMSE_1h":10.1397537031,
      "val_RMSE_2h":13.78186143,
      "val_RMSE_avg":11.9608075665
    },
    {
      "AR_ORDER":3,
      "fold":0,
      "val_RMSE_1h":11.1034340353,
      "val_RMSE_2h":14.9450311666,
      "val_RMSE_avg":13.024232601
    },
    {
      "AR_ORDER":3,
      "fold":1,
      "val_RMSE_1h":10.3071065091,
      "val_RMSE_2h":13.4232572422,
      "val_RMSE_avg":11.8651818756
    },
    {
      "AR_ORDER":3,
      "fold":2,
      "val_RMSE_1h":9.3156710426,
      "val_RMSE_2h":11.5930878878,
      "val_RMSE_avg":10.4543794652
    },
    {
      "AR_ORDER":3,
      "fold":3,
      "val_RMSE_1h":8.6354243454,
      "val_RMSE_2h":11.3248906579,
      "val_RMSE_avg":9.9801575017
    },
    {
      "AR_ORDER":3,
      "fold":4,
      "val_RMSE_1h":10.210326071,
      "val_RMSE_2h":13.8504713419,
      "val_RMSE_avg":12.0303987065
    },
    {
      "AR_ORDER":4,
      "fold":0,
      "val_RMSE_1h":11.1945597655,
      "val_RMSE_2h":15.1194863458,
      "val_RMSE_avg":13.1570230557
    },
    {
      "AR_ORDER":4,
      "fold":1,
      "val_RMSE_1h":10.4403173865,
      "val_RMSE_2h":13.5994583379,
      "val_RMSE_avg":12.0198878622
    },
    {
      "AR_ORDER":4,
      "fold":2,
      "val_RMSE_1h":9.3683298059,
      "val_RMSE_2h":11.6683560692,
      "val_RMSE_avg":10.5183429375
    },
    {
      "AR_ORDER":4,
      "fold":3,
      "val_RMSE_1h":8.7385298825,
      "val_RMSE_2h":11.480353955,
      "val_RMSE_avg":10.1094419188
    },
    {
      "AR_ORDER":4,
      "fold":4,
      "val_RMSE_1h":10.2371008649,
      "val_RMSE_2h":13.9391014103,
      "val_RMSE_avg":12.0881011376
    },
    {
      "AR_ORDER":5,
      "fold":0,
      "val_RMSE_1h":11.264254723,
      "val_RMSE_2h":15.2008897712,
      "val_RMSE_avg":13.2325722471
    },
    {
      "AR_ORDER":5,
      "fold":1,
      "val_RMSE_1h":10.5049915127,
      "val_RMSE_2h":13.6768042976,
      "val_RMSE_avg":12.0908979051
    },
    {
      "AR_ORDER":5,
      "fold":2,
      "val_RMSE_1h":9.4262502426,
      "val_RMSE_2h":11.7080430591,
      "val_RMSE_avg":10.5671466508
    },
    {
      "AR_ORDER":5,
      "fold":3,
      "val_RMSE_1h":8.7892450897,
      "val_RMSE_2h":11.5500645301,
      "val_RMSE_avg":10.1696548099
    },
    {
      "AR_ORDER":5,
      "fold":4,
      "val_RMSE_1h":10.3015783501,
      "val_RMSE_2h":14.0121415291,
      "val_RMSE_avg":12.1568599396
    },
    {
      "AR_ORDER":6,
      "fold":0,
      "val_RMSE_1h":11.3576823785,
      "val_RMSE_2h":15.4112448692,
      "val_RMSE_avg":13.3844636239
    },
    {
      "AR_ORDER":6,
      "fold":1,
      "val_RMSE_1h":10.5642742229,
      "val_RMSE_2h":13.7845279248,
      "val_RMSE_avg":12.1744010739
    },
    {
      "AR_ORDER":6,
      "fold":2,
      "val_RMSE_1h":9.458943372,