{
  "trainval_storms":[
    "20180504-20180513_dayside_6RE_peak_1h_2h_nolagg",
    "20160822-20160828_dayside_6RE_peak_1h_2h_nolagg",
    "20180418-20180424_dayside_6RE_peak_1h_2h_nolagg",
    "20190509-20190512_dayside_6RE_peak_1h_2h_nolagg",
    "20171104-20171113_dayside_6RE_peak_1h_2h_nolagg",
    "20170926-20171005_dayside_6RE_peak_1h_2h_nolagg",
    "20160507-20160509_dayside_6RE_peak_1h_2h_nolagg",
    "20160405-20160410_dayside_6RE_peak_1h_2h_nolagg",
    "20160801-20160805_dayside_6RE_peak_1h_2h_nolagg",
    "20151218-20151225_dayside_6RE_peak_1h_2h_nolagg",
    "20150910-20150914_dayside_6RE_peak_1h_2h_nolagg",
    "20180824-20180831_dayside_6RE_peak_1h_2h_nolagg",
    "20170325-20170402_dayside_6RE_peak_1h_2h_nolagg",
    "20160401-20160404_dayside_6RE_peak_1h_2h_nolagg",
    "20161011-20161014_dayside_6RE_peak_1h_2h_nolagg",
    "20170905-20170910_dayside_6RE_peak_1h_2h_nolagg",
    "20181102-20181114_dayside_6RE_peak_1h_2h_nolagg",
    "20151006-20151008_dayside_6RE_peak_1h_2h_nolagg",
    "20160305-20160308_dayside_6RE_peak_1h_2h_nolagg",
    "20181005-20181011_dayside_6RE_peak_1h_2h_nolagg",
    "20150918-20150923_dayside_6RE_peak_1h_2h_nolagg"
  ],
  "n_cv_splits":5,
  "test_storms":[
    "20170526-20170531_dayside_6RE_peak_1h_2h_nolagg",
    "20160603-20160609_dayside_6RE_peak_1h_2h_nolagg"
  ],
  "target_variable":"target_Bz_dayside_6RE_t0",
  "exogenous_features":[
    "Bmag",
    "Pdyn",
    "SYMH",
    "Es"
  ],
  "forecast_results":{
    "1h":{
      "metrics":{
        "RMSE":10.3317954639,
        "MAE":8.4112690764,
        "R2":0.8656073972
      },
      "storm_metrics":{
        "20170526-20170531_dayside_6RE_peak_1h_2h_nolagg":{
          "RMSE":9.0721921488,
          "MAE":7.3465345881,
          "R2":0.896959074
        },
        "20160603-20160609_dayside_6RE_peak_1h_2h_nolagg":{
          "RMSE":11.4537035334,
          "MAE":9.4760035648,
          "R2":0.7784266892
        }
      },
      "output_file":"AR_results\/AR_results_20260716_143159\/ar_dayside_6RE_Bz_predictions_1h_20260716_143159.csv"
    },
    "2h":{
      "metrics":{
        "RMSE":14.0105074958,
        "MAE":11.6365893028,
        "R2":0.7517667096
      },
      "storm_metrics":{
        "20170526-20170531_dayside_6RE_peak_1h_2h_nolagg":{
          "RMSE":12.0735956582,
          "MAE":10.0407012333,
          "R2":0.817205968
        },
        "20160603-20160609_dayside_6RE_peak_1h_2h_nolagg":{
          "RMSE":15.7104082844,
          "MAE":13.2324773723,
          "R2":0.5787872518
        }
      },
      "output_file":"AR_results\/AR_results_20260716_143159\/ar_dayside_6RE_Bz_predictions_2h_20260716_143159.csv"
    }
  },
  "ar_order_candidates":[
    1,
    2
  ],
  "ar_order_selected":1,
  "ar_order_cv_rmse":[
    {
      "AR_ORDER":1,
      "cv_RMSE_mean":11.2354878823,
      "cv_RMSE_std":0.9776494998
    },
    {
      "AR_ORDER":2,
      "cv_RMSE_mean":11.4214818436,
      "cv_RMSE_std":1.0099470633
    }
  ],
  "ar_order_cv_rmse_by_fold":[
    {
      "AR_ORDER":1,
      "fold":0,
      "val_RMSE_1h":10.5403804289,
      "val_RMSE_2h":13.8391910587,
      "val_RMSE_avg":12.1897857438
    },
    {
      "AR_ORDER":1,
      "fold":1,
      "val_RMSE_1h":10.233868272,
      "val_RMSE_2h":13.5510524928,
      "val_RMSE_avg":11.8924603824
    },
    {
      "AR_ORDER":1,
      "fold":2,
      "val_RMSE_1h":9.1312415983,
      "val_RMSE_2h":11.3584286968,
      "val_RMSE_avg":10.2448351475
    },
    {
      "AR_ORDER":1,
      "fold":3,
      "val_RMSE_1h":8.5319471872,
      "val_RMSE_2h":11.1911030329,
      "val_RMSE_avg":9.86152511
    },
    {
      "AR_ORDER":1,
      "fold":4,
      "val_RMSE_1h":10.1394985524,
      "val_RMSE_2h":13.8381675028,
      "val_RMSE_avg":11.9888330276
    },
    {
      "AR_ORDER":2,
      "fold":0,
      "val_RMSE_1h":10.7557836097,
      "val_RMSE_2h":14.2085118259,
      "val_RMSE_avg":12.4821477178
    },
    {
      "AR_ORDER":2,
      "fold":1,
      "val_RMSE_1h":10.518253222,
      "val_RMSE_2h":13.9647185221,
      "val_RMSE_avg":12.2414858721
    },
    {
      "AR_ORDER":2,
      "fold":2,
      "val_RMSE_1h":9.1474498177,
      "val_RMSE_2h":11.3859769165,
      "val_RMSE_avg":10.2667133671
    },
    {
      "AR_ORDER":2,
      "fold":3,
      "val_RMSE_1h":8.7505553991,
      "val_RMSE_2h":11.5195688687,
      "val_RMSE_avg":10.1350621339
    },
    {
      "AR_ORDER":2,
      "fold":4,
      "val_RMSE_1h":10.1527984751,
      "val_RMSE_2h":13.811201779,
      "val_RMSE_avg":11.982000127
    }
  ],
  "model":"AutoReg(lags=1)"
}