{
  "trainval_storms":[
    "20180504-20180513_dayside_6RE_peak_1h_2h_nolagg",
    "20160822-20160828_dayside_6RE_peak_1h_2h_nolagg",
    "20180418-20180424_dayside_6RE_peak_1h_2h_nolagg",
    "20190509-20190512_dayside_6RE_peak_1h_2h_nolagg",
    "20171104-20171113_dayside_6RE_peak_1h_2h_nolagg",
    "20170926-20171005_dayside_6RE_peak_1h_2h_nolagg",
    "20160507-20160509_dayside_6RE_peak_1h_2h_nolagg",
    "20160405-20160410_dayside_6RE_peak_1h_2h_nolagg",
    "20160801-20160805_dayside_6RE_peak_1h_2h_nolagg",
    "20151218-20151225_dayside_6RE_peak_1h_2h_nolagg",
    "20150910-20150914_dayside_6RE_peak_1h_2h_nolagg",
    "20180824-20180831_dayside_6RE_peak_1h_2h_nolagg",
    "20170325-20170402_dayside_6RE_peak_1h_2h_nolagg",
    "20160401-20160404_dayside_6RE_peak_1h_2h_nolagg",
    "20161011-20161014_dayside_6RE_peak_1h_2h_nolagg",
    "20170905-20170910_dayside_6RE_peak_1h_2h_nolagg",
    "20181102-20181114_dayside_6RE_peak_1h_2h_nolagg",
    "20151006-20151008_dayside_6RE_peak_1h_2h_nolagg",
    "20160305-20160308_dayside_6RE_peak_1h_2h_nolagg",
    "20181005-20181011_dayside_6RE_peak_1h_2h_nolagg",
    "20150918-20150923_dayside_6RE_peak_1h_2h_nolagg"
  ],
  "n_cv_splits":5,
  "test_storms":[
    "20170526-20170531_dayside_6RE_peak_1h_2h_nolagg",
    "20160603-20160609_dayside_6RE_peak_1h_2h_nolagg"
  ],
  "target_variable":"target_Bz_dayside_6RE_t0",
  "exogenous_features":[
    "Bmag",
    "Pdyn",
    "Es"
  ],
  "forecast_results":{
    "1h":{
      "metrics":{
        "RMSE":10.7649125545,
        "MAE":8.430757917,
        "R2":0.8754774487
      },
      "storm_metrics":{
        "20170526-20170531_dayside_6RE_peak_1h_2h_nolagg":{
          "RMSE":10.5260930226,
          "MAE":8.4449149264,
          "R2":0.889828859
        },
        "20160603-20160609_dayside_6RE_peak_1h_2h_nolagg":{
          "RMSE":10.9985476445,
          "MAE":8.4166009077,
          "R2":0.7914464566
        }
      },
      "output_file":"AR_results\/AR_results_20260721_161814\/ar_dayside_6RE_Bz_predictions_1h_20260721_161814.csv"
    },
    "2h":{
      "metrics":{
        "RMSE":14.0285364161,
        "MAE":11.4388106811,
        "R2":0.791311789
      },
      "storm_metrics":{
        "20170526-20170531_dayside_6RE_peak_1h_2h_nolagg":{
          "RMSE":13.4740690192,
          "MAE":10.9869509553,
          "R2":0.8225894745
        },
        "20160603-20160609_dayside_6RE_peak_1h_2h_nolagg":{
          "RMSE":14.5619068815,
          "MAE":11.8906704068,
          "R2":0.6385558468
        }
      },
      "output_file":"AR_results\/AR_results_20260721_161814\/ar_dayside_6RE_Bz_predictions_2h_20260721_161814.csv"
    }
  },
  "ar_order_candidates":[
    1,
    2,
    3,
    4,
    5,
    6,
    7,
    8,
    9,
    10,
    11,
    12
  ],
  "ar_order_selected":3,
  "ar_order_cv_rmse":[
    {
      "AR_ORDER":3,
      "cv_RMSE_mean":12.2241644684,
      "cv_RMSE_std":2.0451536628
    },
    {
      "AR_ORDER":4,
      "cv_RMSE_mean":12.2596472755,
      "cv_RMSE_std":2.0429560976
    },
    {
      "AR_ORDER":12,
      "cv_RMSE_mean":12.2644094938,
      "cv_RMSE_std":2.2270145489
    },
    {
      "AR_ORDER":1,
      "cv_RMSE_mean":12.2827954404,
      "cv_RMSE_std":2.1348140665
    },
    {
      "AR_ORDER":5,
      "cv_RMSE_mean":12.2964484601,
      "cv_RMSE_std":2.0523922129
    },
    {
      "AR_ORDER":2,
      "cv_RMSE_mean":12.3471508298,
      "cv_RMSE_std":2.1485070608
    },
    {
      "AR_ORDER":11,
      "cv_RMSE_mean":12.378834869,
      "cv_RMSE_std":2.1411526616
    },
    {
      "AR_ORDER":6,
      "cv_RMSE_mean":12.3870717495,
      "cv_RMSE_std":2.090742982
    },
    {
      "AR_ORDER":7,
      "cv_RMSE_mean":12.4563119676,
      "cv_RMSE_std":2.1063246795
    },
    {
      "AR_ORDER":10,
      "cv_RMSE_mean":12.4761963526,
      "cv_RMSE_std":2.1325351067
    },
    {
      "AR_ORDER":8,
      "cv_RMSE_mean":12.4980062893,
      "cv_RMSE_std":2.110645356
    },
    {
      "AR_ORDER":9,
      "cv_RMSE_mean":12.530449437,
      "cv_RMSE_std":2.1244758048
    }
  ],
  "ar_order_cv_rmse_by_fold":[
    {
      "AR_ORDER":1,
      "fold":0,
      "val_RMSE_1h":10.6083990949,
      "val_RMSE_2h":13.4843387276,
      "val_RMSE_avg":12.0463689112
    },
    {
      "AR_ORDER":1,
      "fold":1,
      "val_RMSE_1h":14.0132227257,
      "val_RMSE_2h":18.5308365016,
      "val_RMSE_avg":16.2720296136
    },
    {
      "AR_ORDER":1,
      "fold":2,
      "val_RMSE_1h":9.2750118243,
      "val_RMSE_2h":10.631587783,
      "val_RMSE_avg":9.9532998036
    },
    {
      "AR_ORDER":1,
      "fold":3,
      "val_RMSE_1h":9.8999576075,
      "val_RMSE_2h":12.3730569293,
      "val_RMSE_avg":11.1365072684
    },
    {
      "AR_ORDER":1,
      "fold":4,
      "val_RMSE_1h":10.4230332789,
      "val_RMSE_2h":13.5885099317,
      "val_RMSE_avg":12.0057716053
    },
    {
      "AR_ORDER":2,
      "fold":0,
      "val_RMSE_1h":10.6734696827,
      "val_RMSE_2h":13.564857552,
      "val_RMSE_avg":12.1191636173
    },
    {
      "AR_ORDER":2,
      "fold":1,
      "val_RMSE_1h":14.0922182025,
      "val_RMSE_2h":18.632362817,
      "val_RMSE_avg":16.3622905098
    },
    {
      "AR_ORDER":2,
      "fold":2,
      "val_RMSE_1h":9.3143461965,
      "val_RMSE_2h":10.6853867075,
      "val_RMSE_avg":9.999866452
    },
    {
      "AR_ORDER":2,
      "fold":3,
      "val_RMSE_1h":9.95885522,
      "val_RMSE_2h":12.4461854788,
      "val_RMSE_avg":11.2025203494
    },
    {
      "AR_ORDER":2,
      "fold":4,
      "val_RMSE_1h":10.4524701585,
      "val_RMSE_2h":13.6513562828,
      "val_RMSE_avg":12.0519132206
    },
    {
      "AR_ORDER":3,
      "fold":0,
      "val_RMSE_1h":10.6016033646,
      "val_RMSE_2h":13.40787912,
      "val_RMSE_avg":12.0047412423
    },
    {
      "AR_ORDER":3,
      "fold":1,
      "val_RMSE_1h":13.8373267775,
      "val_RMSE_2h":18.23782211,
      "val_RMSE_avg":16.0375744437
    },
    {
      "AR_ORDER":3,
      "fold":2,
      "val_RMSE_1h":9.3313235497,
      "val_RMSE_2h":10.7308001901,
      "val_RMSE_avg":10.0310618699
    },
    {
      "AR_ORDER":3,
      "fold":3,
      "val_RMSE_1h":9.7979215748,
      "val_RMSE_2h":12.2179340287,
      "val_RMSE_avg":11.0079278018
    },
    {
      "AR_ORDER":3,
      "fold":4,
      "val_RMSE_1h":10.4644063203,
      "val_RMSE_2h":13.6146276481,
      "val_RMSE_avg":12.0395169842
    },
    {
      "AR_ORDER":4,
      "fold":0,
      "val_RMSE_1h":10.6384412785,
      "val_RMSE_2h":13.420342778,
      "val_RMSE_avg":12.0293920283
    },
    {
      "AR_ORDER":4,
      "fold":1,
      "val_RMSE_1h":13.8718134979,
      "val_RMSE_2h":18.2631461004,
      "val_RMSE_avg":16.0674797992
    },
    {
      "AR_ORDER":4,
      "fold":2,
      "val_RMSE_1h":9.3861439854,
      "val_RMSE_2h":10.7638259708,
      "val_RMSE_avg":10.0749849781
    },
    {
      "AR_ORDER":4,
      "fold":3,
      "val_RMSE_1h":9.8200052775,
      "val_RMSE_2h":12.235966285,
      "val_RMSE_avg":11.0279857812
    },
    {
      "AR_ORDER":4,
      "fold":4,
      "val_RMSE_1h":10.5431192414,
      "val_RMSE_2h":13.6536683404,
      "val_RMSE_avg":12.0983937909
    },
    {
      "AR_ORDER":5,
      "fold":0,
      "val_RMSE_1h":10.7019005571,
      "val_RMSE_2h":13.3920213478,
      "val_RMSE_avg":12.0469609525
    },
    {
      "AR_ORDER":5,
      "fold":1,
      "val_RMSE_1h":13.9291584461,
      "val_RMSE_2h":18.3094371625,
      "val_RMSE_avg":16.1192978043
    },
    {
      "AR_ORDER":5,
      "fold":2,
      "val_RMSE_1h":9.4555773997,
      "val_RMSE_2h":10.7697292026,
      "val_RMSE_avg":10.1126533012
    },
    {
      "AR_ORDER":5,
      "fold":3,
      "val_RMSE_1h":9.8447821563,
      "val_RMSE_2h":12.2177248922,
      "val_RMSE_avg":11.0312535242
    },
    {
      "AR_ORDER":5,
      "fold":4,
      "val_RMSE_1h":10.6510157714,
      "val_RMSE_2h":13.6931376657,
      "val_RMSE_avg":12.1720767185
    },
    {
      "AR_ORDER":6,
      "fold":0,
      "val_RMSE_1h":10.7713684865,