{
  "trainval_storms":[
    "20180504-20180513_Bz_6RE_4regions",
    "20160822-20160828_Bz_6RE_4regions",
    "20180418-20180424_Bz_6RE_4regions",
    "20190509-20190512_Bz_6RE_4regions",
    "20171104-20171113_Bz_6RE_4regions",
    "20170926-20171005_Bz_6RE_4regions",
    "20160507-20160509_Bz_6RE_4regions",
    "20160405-20160410_Bz_6RE_4regions",
    "20160801-20160805_Bz_6RE_4regions",
    "20151218-20151225_Bz_6RE_4regions",
    "20150910-20150914_Bz_6RE_4regions",
    "20180824-20180831_Bz_6RE_4regions",
    "20170325-20170402_Bz_6RE_4regions",
    "20160401-20160404_Bz_6RE_4regions",
    "20161011-20161014_Bz_6RE_4regions",
    "20170905-20170910_Bz_6RE_4regions",
    "20181102-20181114_Bz_6RE_4regions",
    "20151006-20151008_Bz_6RE_4regions",
    "20160305-20160308_Bz_6RE_4regions",
    "20181005-20181011_Bz_6RE_4regions",
    "20150918-20150923_Bz_6RE_4regions"
  ],
  "n_cv_splits":5,
  "test_storms":[
    "20170526-20170531_Bz_6RE_4regions",
    "20160603-20160609_Bz_6RE_4regions"
  ],
  "regions":[
    "nightside",
    "duskside"
  ],
  "endogenous_columns":[
    "target_Bz_nightside_t0",
    "target_Bz_duskside_t0"
  ],
  "exogenous_features":[
    "Bmag",
    "Pdyn",
    "SYMH",
    "Es",
    "Ey"
  ],
  "forecast_results":{
    "1h":{
      "metrics":{
        "nightside":{
          "RMSE":12.4964797228,
          "MAE":9.1258081978,
          "R2":0.197934857
        },
        "duskside":{
          "RMSE":16.2579054388,
          "MAE":12.8294489862,
          "R2":0.7295232651
        }
      },
      "storm_metrics":{
        "20170526-20170531_Bz_6RE_4regions":{
          "nightside":{
            "RMSE":10.7331718439,
            "MAE":7.3581672119,
            "R2":0.394006997
          },
          "duskside":{
            "RMSE":12.7698925093,
            "MAE":10.1049008383,
            "R2":0.7975107777
          }
        },
        "20160603-20160609_Bz_6RE_4regions":{
          "nightside":{
            "RMSE":14.040051036,
            "MAE":10.8934491837,
            "R2":0.0100015264
          },
          "duskside":{
            "RMSE":19.1198541786,
            "MAE":15.5539971341,
            "R2":0.6611235008
          }
        }
      },
      "output_file":"VARX_results\/VARX_results_20260721_131837\/varx_4region_Bz_predictions_1h_20260721_131837.csv"
    },
    "2h":{
      "metrics":{
        "nightside":{
          "RMSE":13.5471275461,
          "MAE":10.2319328798,
          "R2":0.0441006338
        },
        "duskside":{
          "RMSE":20.9031490298,
          "MAE":17.3860348929,
          "R2":0.5387383198
        }
      },
      "storm_metrics":{
        "20170526-20170531_Bz_6RE_4regions":{
          "nightside":{
            "RMSE":12.7124421916,
            "MAE":8.9657657871,
            "R2":0.1190446896
          },
          "duskside":{
            "RMSE":16.6929453741,
            "MAE":13.8687246362,
            "R2":0.6364360236
          }
        },
        "20160603-20160609_Bz_6RE_4regions":{
          "nightside":{
            "RMSE":14.3332879348,
            "MAE":11.4980999725,
            "R2":-0.026233538
          },
          "duskside":{
            "RMSE":24.3973124229,
            "MAE":20.9033451495,
            "R2":0.4366094527
          }
        }
      },
      "output_file":"VARX_results\/VARX_results_20260721_131837\/varx_4region_Bz_predictions_2h_20260721_131837.csv"
    }
  },
  "var_order_candidates":[
    1,
    2,
    3,
    4,
    5,
    6,
    7,
    8,
    9,
    10,
    11,
    12
  ],
  "var_order_selected":3,
  "var_order_cv_rmse":[
    {
      "VAR_ORDER":3,
      "cv_RMSE_mean":15.535765258,
      "cv_RMSE_std":0.5076332985
    },
    {
      "VAR_ORDER":4,
      "cv_RMSE_mean":15.5830941259,
      "cv_RMSE_std":0.4550418457
    },
    {
      "VAR_ORDER":5,
      "cv_RMSE_mean":15.6260501798,
      "cv_RMSE_std":0.3701754217
    },
    {
      "VAR_ORDER":6,
      "cv_RMSE_mean":15.6830722417,
      "cv_RMSE_std":0.3506203121
    },
    {
      "VAR_ORDER":2,
      "cv_RMSE_mean":15.6958022583,
      "cv_RMSE_std":0.5609644572
    },
    {
      "VAR_ORDER":7,
      "cv_RMSE_mean":15.7060116623,
      "cv_RMSE_std":0.3859572181
    },
    {
      "VAR_ORDER":8,
      "cv_RMSE_mean":15.7727082814,
      "cv_RMSE_std":0.3824388646
    },
    {
      "VAR_ORDER":9,
      "cv_RMSE_mean":15.8257322629,
      "cv_RMSE_std":0.4000287775
    },
    {
      "VAR_ORDER":1,
      "cv_RMSE_mean":15.8513084113,
      "cv_RMSE_std":0.6572793251
    },
    {
      "VAR_ORDER":10,
      "cv_RMSE_mean":15.8711206305,
      "cv_RMSE_std":0.4007524017
    },
    {
      "VAR_ORDER":11,
      "cv_RMSE_mean":15.9217891175,
      "cv_RMSE_std":0.4069136215
    },
    {
      "VAR_ORDER":12,
      "cv_RMSE_mean":15.9966530643,
      "cv_RMSE_std":0.4236526238
    }
  ],
  "var_order_cv_rmse_by_fold":[
    {
      "VAR_ORDER":1,
      "fold":0,
      "val_RMSE_1h":14.3959379547,
      "val_RMSE_2h":17.9055362961,
      "val_RMSE_avg":16.1507371254
    },
    {
      "VAR_ORDER":1,
      "fold":1,
      "val_RMSE_1h":14.4946302666,
      "val_RMSE_2h":16.8257467351,
      "val_RMSE_avg":15.6601885009
    },
    {
      "VAR_ORDER":1,
      "fold":2,
      "val_RMSE_1h":14.7250661011,
      "val_RMSE_2h":16.9606641301,
      "val_RMSE_avg":15.8428651156
    },
    {
      "VAR_ORDER":1,
      "fold":3,
      "val_RMSE_1h":13.6069503724,
      "val_RMSE_2h":15.9814333827,
      "val_RMSE_avg":14.7941918776
    },
    {
      "VAR_ORDER":1,
      "fold":4,
      "val_RMSE_1h":15.3339657318,
      "val_RMSE_2h":18.2831531421,
      "val_RMSE_avg":16.8085594369
    },
    {
      "VAR_ORDER":2,
      "fold":0,
      "val_RMSE_1h":14.3213619235,
      "val_RMSE_2h":17.7283950329,
      "val_RMSE_avg":16.0248784782
    },
    {
      "VAR_ORDER":2,
      "fold":1,
      "val_RMSE_1h":14.4321982937,
      "val_RMSE_2h":16.6618542348,
      "val_RMSE_avg":15.5470262642
    },
    {
      "VAR_ORDER":2,
      "fold":2,
      "val_RMSE_1h":14.4284851131,
      "val_RMSE_2h":16.7056600902,
      "val_RMSE_avg":15.5670726016
    },
    {
      "VAR_ORDER":2,
      "fold":3,
      "val_RMSE_1h":13.6280716587,
      "val_RMSE_2h":16.0237211507,
      "val_RMSE_avg":14.8258964047
    },
    {
      "VAR_ORDER":2,
      "fold":4,
      "val_RMSE_1h":15.0650373002,
      "val_RMSE_2h":17.9632377851,
      "val_RMSE_avg":16.5141375427
    },
    {
      "VAR_ORDER":3,
      "fold":0,
      "val_RMSE_1h":14.2709228718,
      "val_RMSE_2h":17.5202724119,
      "val_RMSE_avg":15.8955976418
    },
    {
      "VAR_ORDER":3,
      "fold":1,
      "val_RMSE_1h":14.3712571811,
      "val_RMSE_2h":16.5993284832,
      "val_RMSE_avg":15.4852928322
    },
    {
      "VAR_ORDER":3,
      "fold":2,
      "val_RMSE_1h":14.3051846836,
      "val_RMSE_2h":16.5506714597,
      "val_RMSE_avg":15.4279280716
    },
    {
      "VAR_ORDER":3,
      "fold":3,
      "val_RMSE_1h":13.5173100406,
      "val_RMSE_2h":15.8530334438,
      "val_RMSE_avg":14.6851717422
    },
    {
      "VAR_ORDER":3,
      "fold":4,
      "val_RMSE_1h":14.7198712777,
      "val_RMSE_2h":17.6498007261,
      "val_RMSE_avg":16.1848360019
    },
    {
      "VAR_ORDER":4,
      "fold":0,
      "val_RMSE_1h":14.2925783443,
      "val_RMSE_2h":17.5603211481,
      "val_RMSE_avg":15.9264497462
    },
    {
      "VAR_ORDER":4,
      "fold":1,
      "val_RMSE_1h":14.4554258516,
      "val_RMSE_2h":16.6885597186,
      "val_RMSE_avg":15.5719927851
    },
    {
      "VAR_ORDER":4,
      "fold":2,
      "val_RMSE_1h":14.271532554,
      "val_RMSE_2h":16.5736053041,
      "val_RMSE_avg":15.422568929
    },
    {
      "VAR_ORDER":4,
      "fold":3,
      "val_RMSE_1h":13.6163189184,
      "val_RMSE_2h":16.0539157175,
      "val_RMSE_avg":14.835117318
    },
    {
      "VAR_ORDER":4,
      "fold":4,
      "val_RMSE_1h":14.6869120936,
      "val_RMSE_2h":17.6317716087,
      "val_RMSE_avg":16.1593418511
    },
    {
      "VAR_ORDER":5,