{
  "trainval_storms":[
    "20180504-20180513_Bz_6RE_4regions",
    "20160822-20160828_Bz_6RE_4regions",
    "20180418-20180424_Bz_6RE_4regions",
    "20190509-20190512_Bz_6RE_4regions",
    "20171104-20171113_Bz_6RE_4regions",
    "20170926-20171005_Bz_6RE_4regions",
    "20160507-20160509_Bz_6RE_4regions",
    "20160405-20160410_Bz_6RE_4regions",
    "20160801-20160805_Bz_6RE_4regions",
    "20151218-20151225_Bz_6RE_4regions",
    "20150910-20150914_Bz_6RE_4regions",
    "20180824-20180831_Bz_6RE_4regions",
    "20170325-20170402_Bz_6RE_4regions",
    "20160401-20160404_Bz_6RE_4regions",
    "20161011-20161014_Bz_6RE_4regions",
    "20170905-20170910_Bz_6RE_4regions",
    "20181102-20181114_Bz_6RE_4regions",
    "20151006-20151008_Bz_6RE_4regions",
    "20160305-20160308_Bz_6RE_4regions",
    "20181005-20181011_Bz_6RE_4regions",
    "20150918-20150923_Bz_6RE_4regions"
  ],
  "n_cv_splits":5,
  "test_storms":[
    "20170526-20170531_Bz_6RE_4regions",
    "20160603-20160609_Bz_6RE_4regions"
  ],
  "regions":[
    "dawnside",
    "duskside"
  ],
  "endogenous_columns":[
    "target_Bz_dawnside_t0",
    "target_Bz_duskside_t0"
  ],
  "exogenous_features":[
    "Bmag",
    "Pdyn",
    "SYMH",
    "Es",
    "Ey"
  ],
  "forecast_results":{
    "1h":{
      "metrics":{
        "dawnside":{
          "RMSE":10.8158285326,
          "MAE":8.3688880205,
          "R2":0.8274031563
        },
        "duskside":{
          "RMSE":16.0199526561,
          "MAE":12.1369444308,
          "R2":0.7411301001
        }
      },
      "storm_metrics":{
        "20170526-20170531_Bz_6RE_4regions":{
          "dawnside":{
            "RMSE":9.8464272614,
            "MAE":7.8342774118,
            "R2":0.863757328
          },
          "duskside":{
            "RMSE":12.3173465586,
            "MAE":9.3208170835,
            "R2":0.8163596505
          }
        },
        "20160603-20160609_Bz_6RE_4regions":{
          "dawnside":{
            "RMSE":11.7052195143,
            "MAE":8.9034986292,
            "R2":0.7567924177
          },
          "duskside":{
            "RMSE":19.0147505891,
            "MAE":14.953071778,
            "R2":0.6674885294
          }
        }
      },
      "output_file":"VARX_results\/VARX_results_20260721_130919\/varx_4region_Bz_predictions_1h_20260721_130919.csv"
    },
    "2h":{
      "metrics":{
        "dawnside":{
          "RMSE":14.1149295555,
          "MAE":11.2922328151,
          "R2":0.6984379366
        },
        "duskside":{
          "RMSE":19.2265737998,
          "MAE":15.7386170611,
          "R2":0.6162287063
        }
      },
      "storm_metrics":{
        "20170526-20170531_Bz_6RE_4regions":{
          "dawnside":{
            "RMSE":13.434272704,
            "MAE":10.9150244847,
            "R2":0.7395401972
          },
          "duskside":{
            "RMSE":15.1922952234,
            "MAE":12.5605631196,
            "R2":0.7064729985
          }
        },
        "20160603-20160609_Bz_6RE_4regions":{
          "dawnside":{
            "RMSE":14.764240232,
            "MAE":11.6694411454,
            "R2":0.6013327687
          },
          "duskside":{
            "RMSE":22.550309222,
            "MAE":18.9166710026,
            "R2":0.5243172614
          }
        }
      },
      "output_file":"VARX_results\/VARX_results_20260721_130919\/varx_4region_Bz_predictions_2h_20260721_130919.csv"
    }
  },
  "var_order_candidates":[
    1,
    2,
    3,
    4,
    5,
    6,
    7,
    8,
    9,
    10,
    11,
    12
  ],
  "var_order_selected":1,
  "var_order_cv_rmse":[
    {
      "VAR_ORDER":1,
      "cv_RMSE_mean":14.1649084773,
      "cv_RMSE_std":1.0116067233
    },
    {
      "VAR_ORDER":3,
      "cv_RMSE_mean":14.3404731364,
      "cv_RMSE_std":0.9415458823
    },
    {
      "VAR_ORDER":4,
      "cv_RMSE_mean":14.391318502,
      "cv_RMSE_std":0.94629024
    },
    {
      "VAR_ORDER":2,
      "cv_RMSE_mean":14.3986788206,
      "cv_RMSE_std":0.9468440883
    },
    {
      "VAR_ORDER":5,
      "cv_RMSE_mean":14.4162000822,
      "cv_RMSE_std":0.9786023237
    },
    {
      "VAR_ORDER":6,
      "cv_RMSE_mean":14.4905715422,
      "cv_RMSE_std":0.9936738099
    },
    {
      "VAR_ORDER":7,
      "cv_RMSE_mean":14.5203758823,
      "cv_RMSE_std":1.0130476323
    },
    {
      "VAR_ORDER":8,
      "cv_RMSE_mean":14.5560480733,
      "cv_RMSE_std":0.9976804671
    },
    {
      "VAR_ORDER":9,
      "cv_RMSE_mean":14.6064097519,
      "cv_RMSE_std":1.0051718416
    },
    {
      "VAR_ORDER":10,
      "cv_RMSE_mean":14.6461835141,
      "cv_RMSE_std":0.9978385014
    },
    {
      "VAR_ORDER":11,
      "cv_RMSE_mean":14.7177306329,
      "cv_RMSE_std":1.0312523785
    },
    {
      "VAR_ORDER":12,
      "cv_RMSE_mean":14.7527696334,
      "cv_RMSE_std":1.0066805327
    }
  ],
  "var_order_cv_rmse_by_fold":[
    {
      "VAR_ORDER":1,
      "fold":0,
      "val_RMSE_1h":13.6649105241,
      "val_RMSE_2h":17.1939158227,
      "val_RMSE_avg":15.4294131734
    },
    {
      "VAR_ORDER":1,
      "fold":1,
      "val_RMSE_1h":11.7788759269,
      "val_RMSE_2h":14.3460831642,
      "val_RMSE_avg":13.0624795456
    },
    {
      "VAR_ORDER":1,
      "fold":2,
      "val_RMSE_1h":12.7429500552,
      "val_RMSE_2h":15.3265285141,
      "val_RMSE_avg":14.0347392847
    },
    {
      "VAR_ORDER":1,
      "fold":3,
      "val_RMSE_1h":11.7905210732,
      "val_RMSE_2h":14.3696493332,
      "val_RMSE_avg":13.0800852032
    },
    {
      "VAR_ORDER":1,
      "fold":4,
      "val_RMSE_1h":13.3096976366,
      "val_RMSE_2h":17.1259527225,
      "val_RMSE_avg":15.2178251795
    },
    {
      "VAR_ORDER":2,
      "fold":0,
      "val_RMSE_1h":13.7540909693,
      "val_RMSE_2h":17.5692838953,
      "val_RMSE_avg":15.6616874323
    },
    {
      "VAR_ORDER":2,
      "fold":1,
      "val_RMSE_1h":11.9784914461,
      "val_RMSE_2h":14.6355978229,
      "val_RMSE_avg":13.3070446345
    },
    {
      "VAR_ORDER":2,
      "fold":2,
      "val_RMSE_1h":12.6242728952,
      "val_RMSE_2h":15.3437725208,
      "val_RMSE_avg":13.984022708
    },
    {
      "VAR_ORDER":2,
      "fold":3,
      "val_RMSE_1h":12.1616146863,
      "val_RMSE_2h":15.1503372748,
      "val_RMSE_avg":13.6559759805
    },
    {
      "VAR_ORDER":2,
      "fold":4,
      "val_RMSE_1h":13.3918863129,
      "val_RMSE_2h":17.3774403823,
      "val_RMSE_avg":15.3846633476
    },
    {
      "VAR_ORDER":3,
      "fold":0,
      "val_RMSE_1h":13.7486560518,
      "val_RMSE_2h":17.4838248085,
      "val_RMSE_avg":15.6162404301
    },
    {
      "VAR_ORDER":3,
      "fold":1,
      "val_RMSE_1h":11.8748061184,
      "val_RMSE_2h":14.4884060723,
      "val_RMSE_avg":13.1816060953
    },
    {
      "VAR_ORDER":3,
      "fold":2,
      "val_RMSE_1h":12.6243728944,
      "val_RMSE_2h":15.3261114049,
      "val_RMSE_avg":13.9752421497
    },
    {
      "VAR_ORDER":3,
      "fold":3,
      "val_RMSE_1h":12.1925026702,
      "val_RMSE_2h":15.1257122736,
      "val_RMSE_avg":13.6591074719
    },
    {
      "VAR_ORDER":3,
      "fold":4,
      "val_RMSE_1h":13.3082436684,
      "val_RMSE_2h":17.2320954015,
      "val_RMSE_avg":15.270169535
    },
    {
      "VAR_ORDER":4,
      "fold":0,
      "val_RMSE_1h":13.7883220873,
      "val_RMSE_2h":17.5557324596,
      "val_RMSE_avg":15.6720272735
    },
    {
      "VAR_ORDER":4,
      "fold":1,
      "val_RMSE_1h":11.9083577267,
      "val_RMSE_2h":14.5195017479,
      "val_RMSE_avg":13.2139297373
    },
    {
      "VAR_ORDER":4,
      "fold":2,
      "val_RMSE_1h":12.6337896196,
      "val_RMSE_2h":15.3660198068,
      "val_RMSE_avg":13.9999047132
    },
    {
      "VAR_ORDER":4,
      "fold":3,
      "val_RMSE_1h":12.2516356246,
      "val_RMSE_2h":15.2340632608,
      "val_RMSE_avg":13.7428494427
    },
    {
      "VAR_ORDER":4,
      "fold":4,
      "val_RMSE_1h":13.3522820341,
      "val_RMSE_2h":17.3034806528,
      "val_RMSE_avg":15.3278813435
    },
    {
      "VAR_ORDER":5,
      "fold":0,