{
  "trainval_storms":[
    "20180504-20180513_dayside_6RE_peak_1h_2h_nolagg",
    "20160822-20160828_dayside_6RE_peak_1h_2h_nolagg",
    "20180418-20180424_dayside_6RE_peak_1h_2h_nolagg",
    "20190509-20190512_dayside_6RE_peak_1h_2h_nolagg",
    "20171104-20171113_dayside_6RE_peak_1h_2h_nolagg",
    "20170926-20171005_dayside_6RE_peak_1h_2h_nolagg",
    "20160507-20160509_dayside_6RE_peak_1h_2h_nolagg",
    "20160405-20160410_dayside_6RE_peak_1h_2h_nolagg",
    "20160801-20160805_dayside_6RE_peak_1h_2h_nolagg",
    "20151218-20151225_dayside_6RE_peak_1h_2h_nolagg",
    "20150910-20150914_dayside_6RE_peak_1h_2h_nolagg",
    "20180824-20180831_dayside_6RE_peak_1h_2h_nolagg",
    "20170325-20170402_dayside_6RE_peak_1h_2h_nolagg",
    "20160401-20160404_dayside_6RE_peak_1h_2h_nolagg",
    "20161011-20161014_dayside_6RE_peak_1h_2h_nolagg",
    "20170905-20170910_dayside_6RE_peak_1h_2h_nolagg",
    "20181102-20181114_dayside_6RE_peak_1h_2h_nolagg",
    "20151006-20151008_dayside_6RE_peak_1h_2h_nolagg",
    "20160305-20160308_dayside_6RE_peak_1h_2h_nolagg",
    "20181005-20181011_dayside_6RE_peak_1h_2h_nolagg",
    "20150918-20150923_dayside_6RE_peak_1h_2h_nolagg"
  ],
  "n_cv_splits":5,
  "test_storms":[
    "20170526-20170531_dayside_6RE_peak_1h_2h_nolagg",
    "20160603-20160609_dayside_6RE_peak_1h_2h_nolagg"
  ],
  "target_variable":"target_Bz_dayside_6RE_t0",
  "exogenous_features":[
    "Pdyn",
    "SYMH",
    "Ey",
    "Es"
  ],
  "forecast_results":{
    "1h":{
      "metrics":{
        "RMSE":10.6916987257,
        "MAE":8.806013268,
        "R2":0.8560813123
      },
      "storm_metrics":{
        "20170526-20170531_dayside_6RE_peak_1h_2h_nolagg":{
          "RMSE":9.6618644454,
          "MAE":8.0397504388,
          "R2":0.8831288943
        },
        "20160603-20160609_dayside_6RE_peak_1h_2h_nolagg":{
          "RMSE":11.6307015575,
          "MAE":9.5722760972,
          "R2":0.7715256789
        }
      },
      "output_file":"AR_results\/AR_results_20260715_194652\/ar_dayside_6RE_Bz_predictions_1h_20260715_194652.csv"
    },
    "2h":{
      "metrics":{
        "RMSE":14.8098781473,
        "MAE":12.3859435421,
        "R2":0.7226326988
      },
      "storm_metrics":{
        "20170526-20170531_dayside_6RE_peak_1h_2h_nolagg":{
          "RMSE":13.3484158713,
          "MAE":11.1999513981,
          "R2":0.7765665378
        },
        "20160603-20160609_dayside_6RE_peak_1h_2h_nolagg":{
          "RMSE":16.139540737,
          "MAE":13.5719356861,
          "R2":0.5554619826
        }
      },
      "output_file":"AR_results\/AR_results_20260715_194652\/ar_dayside_6RE_Bz_predictions_2h_20260715_194652.csv"
    }
  },
  "ar_order_candidates":[
    1,
    2,
    3,
    4,
    5,
    6,
    7,
    8,
    9
  ],
  "ar_order_selected":1,
  "ar_order_cv_rmse":[
    {
      "AR_ORDER":1,
      "cv_RMSE_mean":11.1320140134,
      "cv_RMSE_std":1.0488144741
    },
    {
      "AR_ORDER":2,
      "cv_RMSE_mean":11.3100556059,
      "cv_RMSE_std":1.0924494961
    },
    {
      "AR_ORDER":3,
      "cv_RMSE_mean":11.3697774202,
      "cv_RMSE_std":1.0972381675
    },
    {
      "AR_ORDER":4,
      "cv_RMSE_mean":11.4775487952,
      "cv_RMSE_std":1.1035786843
    },
    {
      "AR_ORDER":5,
      "cv_RMSE_mean":11.5427423574,
      "cv_RMSE_std":1.1096525698
    },
    {
      "AR_ORDER":6,
      "cv_RMSE_mean":11.6343372592,
      "cv_RMSE_std":1.1307778139
    },
    {
      "AR_ORDER":7,
      "cv_RMSE_mean":11.710665167,
      "cv_RMSE_std":1.1342752647
    },
    {
      "AR_ORDER":8,
      "cv_RMSE_mean":11.7797866502,
      "cv_RMSE_std":1.1192063706
    },
    {
      "AR_ORDER":9,
      "cv_RMSE_mean":11.8088582505,
      "cv_RMSE_std":1.1085617779
    }
  ],
  "ar_order_cv_rmse_by_fold":[
    {
      "AR_ORDER":1,
      "fold":0,
      "val_RMSE_1h":10.6838749676,
      "val_RMSE_2h":14.2677820735,
      "val_RMSE_avg":12.4758285206
    },
    {
      "AR_ORDER":1,
      "fold":1,
      "val_RMSE_1h":10.0460447978,
      "val_RMSE_2h":13.1293646537,
      "val_RMSE_avg":11.5877047258
    },
    {
      "AR_ORDER":1,
      "fold":2,
      "val_RMSE_1h":9.2048294142,
      "val_RMSE_2h":11.4481527086,
      "val_RMSE_avg":10.3264910614
    },
    {
      "AR_ORDER":1,
      "fold":3,
      "val_RMSE_1h":8.301974509,
      "val_RMSE_2h":10.8030308581,
      "val_RMSE_avg":9.5525026836
    },
    {
      "AR_ORDER":1,
      "fold":4,
      "val_RMSE_1h":9.9481411844,
      "val_RMSE_2h":13.4869449669,
      "val_RMSE_avg":11.7175430757
    },
    {
      "AR_ORDER":2,
      "fold":0,
      "val_RMSE_1h":10.9418455112,
      "val_RMSE_2h":14.7073241631,
      "val_RMSE_avg":12.8245848371
    },
    {
      "AR_ORDER":2,
      "fold":1,
      "val_RMSE_1h":10.2661061846,
      "val_RMSE_2h":13.4192698358,
      "val_RMSE_avg":11.8426880102
    },
    {
      "AR_ORDER":2,
      "fold":2,
      "val_RMSE_1h":9.2242378506,
      "val_RMSE_2h":11.4749510334,
      "val_RMSE_avg":10.349594442
    },
    {
      "AR_ORDER":2,
      "fold":3,
      "val_RMSE_1h":8.4990122645,
      "val_RMSE_2h":11.0969832738,
      "val_RMSE_avg":9.7979977691
    },
    {
      "AR_ORDER":2,
      "fold":4,
      "val_RMSE_1h":9.9726073746,
      "val_RMSE_2h":13.4982185673,
      "val_RMSE_avg":11.735412971
    },
    {
      "AR_ORDER":3,
      "fold":0,
      "val_RMSE_1h":11.0047432709,
      "val_RMSE_2h":14.79058253,
      "val_RMSE_avg":12.8976629005
    },
    {
      "AR_ORDER":3,
      "fold":1,
      "val_RMSE_1h":10.3032341025,
      "val_RMSE_2h":13.4554859616,
      "val_RMSE_avg":11.879360032
    },
    {
      "AR_ORDER":3,
      "fold":2,
      "val_RMSE_1h":9.2837960649,
      "val_RMSE_2h":11.5544491225,
      "val_RMSE_avg":10.4191225937
    },
    {
      "AR_ORDER":3,
      "fold":3,
      "val_RMSE_1h":8.5409688948,
      "val_RMSE_2h":11.1464618316,
      "val_RMSE_avg":9.8437153632
    },
    {
      "AR_ORDER":3,
      "fold":4,
      "val_RMSE_1h":10.0457834343,
      "val_RMSE_2h":13.5722689889,
      "val_RMSE_avg":11.8090262116
    },
    {
      "AR_ORDER":4,
      "fold":0,
      "val_RMSE_1h":11.0919721746,
      "val_RMSE_2h":14.9561660812,
      "val_RMSE_avg":13.0240691279
    },
    {
      "AR_ORDER":4,
      "fold":1,
      "val_RMSE_1h":10.4395900894,
      "val_RMSE_2h":13.6366021165,
      "val_RMSE_avg":12.0380961029
    },
    {
      "AR_ORDER":4,
      "fold":2,
      "val_RMSE_1h":9.3358847934,
      "val_RMSE_2h":11.6316811199,
      "val_RMSE_avg":10.4837829566
    },
    {
      "AR_ORDER":4,
      "fold":3,
      "val_RMSE_1h":8.6490006885,
      "val_RMSE_2h":11.3080138683,
      "val_RMSE_avg":9.9785072784
    },
    {
      "AR_ORDER":4,
      "fold":4,
      "val_RMSE_1h":10.0728844538,
      "val_RMSE_2h":13.6536925669,
      "val_RMSE_avg":11.8632885103
    },
    {
      "AR_ORDER":5,
      "fold":0,
      "val_RMSE_1h":11.1616523126,
      "val_RMSE_2h":15.0283892983,
      "val_RMSE_avg":13.0950208055
    },
    {
      "AR_ORDER":5,
      "fold":1,
      "val_RMSE_1h":10.5038804236,
      "val_RMSE_2h":13.71688095,
      "val_RMSE_avg":12.1103806868
    },
    {
      "AR_ORDER":5,
      "fold":2,
      "val_RMSE_1h":9.4043327477,
      "val_RMSE_2h":11.6654865203,
      "val_RMSE_avg":10.534909634
    },
    {
      "AR_ORDER":5,
      "fold":3,
      "val_RMSE_1h":8.702236777,
      "val_RMSE_2h":11.3786680684,
      "val_RMSE_avg":10.0404524227
    },
    {
      "AR_ORDER":5,
      "fold":4,
      "val_RMSE_1h":10.1381130036,
      "val_RMSE_2h":13.7277834721,
      "val_RMSE_avg":11.9329482378
    },
    {
      "AR_ORDER":6,
      "fold":0,
      "val_RMSE_1h":11.2515716641,
      "val_RMSE_2h":15.2322875935,
      "val_RMSE_avg":13.2419296288
    },
    {
      "AR_ORDER":6,
      "fold":1,
      "val_RMSE_1h":10.5669249976,
      "val_RMSE_2h":13.8371282864,
      "val_RMSE_avg":12.202026642
    },
    {
      "AR_ORDER":6,
      "fold":2,
      "val_RMSE_1h":9.4437941229,