{
  "trainval_storms":[
    "20180504-20180513_dayside_6RE_peak_1h_2h_nolagg",
    "20160822-20160828_dayside_6RE_peak_1h_2h_nolagg",
    "20180418-20180424_dayside_6RE_peak_1h_2h_nolagg",
    "20190509-20190512_dayside_6RE_peak_1h_2h_nolagg",
    "20171104-20171113_dayside_6RE_peak_1h_2h_nolagg",
    "20170926-20171005_dayside_6RE_peak_1h_2h_nolagg",
    "20160507-20160509_dayside_6RE_peak_1h_2h_nolagg",
    "20160405-20160410_dayside_6RE_peak_1h_2h_nolagg",
    "20160801-20160805_dayside_6RE_peak_1h_2h_nolagg",
    "20151218-20151225_dayside_6RE_peak_1h_2h_nolagg",
    "20150910-20150914_dayside_6RE_peak_1h_2h_nolagg",
    "20180824-20180831_dayside_6RE_peak_1h_2h_nolagg",
    "20170325-20170402_dayside_6RE_peak_1h_2h_nolagg",
    "20160401-20160404_dayside_6RE_peak_1h_2h_nolagg",
    "20161011-20161014_dayside_6RE_peak_1h_2h_nolagg",
    "20170905-20170910_dayside_6RE_peak_1h_2h_nolagg",
    "20181102-20181114_dayside_6RE_peak_1h_2h_nolagg",
    "20151006-20151008_dayside_6RE_peak_1h_2h_nolagg",
    "20160305-20160308_dayside_6RE_peak_1h_2h_nolagg",
    "20181005-20181011_dayside_6RE_peak_1h_2h_nolagg",
    "20150918-20150923_dayside_6RE_peak_1h_2h_nolagg"
  ],
  "n_cv_splits":5,
  "test_storms":[
    "20170526-20170531_dayside_6RE_peak_1h_2h_nolagg",
    "20160603-20160609_dayside_6RE_peak_1h_2h_nolagg"
  ],
  "target_variable":"target_Bz_dayside_6RE_t0",
  "exogenous_features":[
    "Bmag",
    "Pdyn"
  ],
  "forecast_results":{
    "1h":{
      "metrics":{
        "RMSE":11.5201332243,
        "MAE":9.3436009735,
        "R2":0.8557513038
      },
      "storm_metrics":{
        "20170526-20170531_dayside_6RE_peak_1h_2h_nolagg":{
          "RMSE":11.7573056865,
          "MAE":10.0481102457,
          "R2":0.8598992376
        },
        "20160603-20160609_dayside_6RE_peak_1h_2h_nolagg":{
          "RMSE":11.2779741978,
          "MAE":8.6390917013,
          "R2":0.7795144816
        }
      },
      "output_file":"AR_results\/AR_results_20260721_162317\/ar_dayside_6RE_Bz_predictions_1h_20260721_162317.csv"
    },
    "2h":{
      "metrics":{
        "RMSE":15.4074197393,
        "MAE":13.2386152429,
        "R2":0.7441497963
      },
      "storm_metrics":{
        "20170526-20170531_dayside_6RE_peak_1h_2h_nolagg":{
          "RMSE":16.1485900234,
          "MAE":14.2731404297,
          "R2":0.7397116745
        },
        "20160603-20160609_dayside_6RE_peak_1h_2h_nolagg":{
          "RMSE":14.6287458895,
          "MAE":12.2040900561,
          "R2":0.6301298663
        }
      },
      "output_file":"AR_results\/AR_results_20260721_162317\/ar_dayside_6RE_Bz_predictions_2h_20260721_162317.csv"
    }
  },
  "ar_order_candidates":[
    1,
    2,
    3,
    4,
    5,
    6,
    7,
    8,
    9,
    10,
    11,
    12
  ],
  "ar_order_selected":1,
  "ar_order_cv_rmse":[
    {
      "AR_ORDER":1,
      "cv_RMSE_mean":14.1435620498,
      "cv_RMSE_std":2.5776339087
    },
    {
      "AR_ORDER":3,
      "cv_RMSE_mean":14.2015371771,
      "cv_RMSE_std":2.4906658096
    },
    {
      "AR_ORDER":2,
      "cv_RMSE_mean":14.2641895478,
      "cv_RMSE_std":2.6476525015
    },
    {
      "AR_ORDER":4,
      "cv_RMSE_mean":14.2805646098,
      "cv_RMSE_std":2.5111220274
    },
    {
      "AR_ORDER":5,
      "cv_RMSE_mean":14.3637724936,
      "cv_RMSE_std":2.5411456491
    },
    {
      "AR_ORDER":6,
      "cv_RMSE_mean":14.4687297126,
      "cv_RMSE_std":2.6296643965
    },
    {
      "AR_ORDER":7,
      "cv_RMSE_mean":14.541378041,
      "cv_RMSE_std":2.6582704262
    },
    {
      "AR_ORDER":12,
      "cv_RMSE_mean":14.5920689918,
      "cv_RMSE_std":2.7322732806
    },
    {
      "AR_ORDER":8,
      "cv_RMSE_mean":14.626491711,
      "cv_RMSE_std":2.6868485437
    },
    {
      "AR_ORDER":11,
      "cv_RMSE_mean":14.6538928801,
      "cv_RMSE_std":2.6951953177
    },
    {
      "AR_ORDER":9,
      "cv_RMSE_mean":14.6829470542,
      "cv_RMSE_std":2.6924670208
    },
    {
      "AR_ORDER":10,
      "cv_RMSE_mean":14.7040268385,
      "cv_RMSE_std":2.7092301412
    }
  ],
  "ar_order_cv_rmse_by_fold":[
    {
      "AR_ORDER":1,
      "fold":0,
      "val_RMSE_1h":11.701959295,
      "val_RMSE_2h":15.3889585273,
      "val_RMSE_avg":13.5454589112
    },
    {
      "AR_ORDER":1,
      "fold":1,
      "val_RMSE_1h":15.8247559672,
      "val_RMSE_2h":22.3384314237,
      "val_RMSE_avg":19.0815936954
    },
    {
      "AR_ORDER":1,
      "fold":2,
      "val_RMSE_1h":10.4418720442,
      "val_RMSE_2h":13.3468288604,
      "val_RMSE_avg":11.8943504523
    },
    {
      "AR_ORDER":1,
      "fold":3,
      "val_RMSE_1h":11.8126200035,
      "val_RMSE_2h":15.9551544446,
      "val_RMSE_avg":13.8838872241
    },
    {
      "AR_ORDER":1,
      "fold":4,
      "val_RMSE_1h":10.5547857813,
      "val_RMSE_2h":14.0702541509,
      "val_RMSE_avg":12.3125199661
    },
    {
      "AR_ORDER":2,
      "fold":0,
      "val_RMSE_1h":11.7780256701,
      "val_RMSE_2h":15.5404950255,
      "val_RMSE_avg":13.6592603478
    },
    {
      "AR_ORDER":2,
      "fold":1,
      "val_RMSE_1h":16.0291167587,
      "val_RMSE_2h":22.6366341504,
      "val_RMSE_avg":19.3328754546
    },
    {
      "AR_ORDER":2,
      "fold":2,
      "val_RMSE_1h":10.4905914363,
      "val_RMSE_2h":13.4010632001,
      "val_RMSE_avg":11.9458273182
    },
    {
      "AR_ORDER":2,
      "fold":3,
      "val_RMSE_1h":11.922835195,
      "val_RMSE_2h":16.0828881747,
      "val_RMSE_avg":14.0028616849
    },
    {
      "AR_ORDER":2,
      "fold":4,
      "val_RMSE_1h":10.6065449761,
      "val_RMSE_2h":14.1537008915,
      "val_RMSE_avg":12.3801229338
    },
    {
      "AR_ORDER":3,
      "fold":0,
      "val_RMSE_1h":11.7346164868,
      "val_RMSE_2h":15.3780306782,
      "val_RMSE_avg":13.5563235825
    },
    {
      "AR_ORDER":3,
      "fold":1,
      "val_RMSE_1h":15.785143654,
      "val_RMSE_2h":22.1975825897,
      "val_RMSE_avg":18.9913631218
    },
    {
      "AR_ORDER":3,
      "fold":2,
      "val_RMSE_1h":10.548688088,
      "val_RMSE_2h":13.4998055429,
      "val_RMSE_avg":12.0242468155
    },
    {
      "AR_ORDER":3,
      "fold":3,
      "val_RMSE_1h":11.8603445923,
      "val_RMSE_2h":15.9772469153,
      "val_RMSE_avg":13.9187957538
    },
    {
      "AR_ORDER":3,
      "fold":4,
      "val_RMSE_1h":10.7199150128,
      "val_RMSE_2h":14.3139982111,
      "val_RMSE_avg":12.5169566119
    },
    {
      "AR_ORDER":4,
      "fold":0,
      "val_RMSE_1h":11.7917647103,
      "val_RMSE_2h":15.4289971192,
      "val_RMSE_avg":13.6103809148
    },
    {
      "AR_ORDER":4,
      "fold":1,
      "val_RMSE_1h":15.8852492059,
      "val_RMSE_2h":22.3478147877,
      "val_RMSE_avg":19.1165319968
    },
    {
      "AR_ORDER":4,
      "fold":2,
      "val_RMSE_1h":10.6062569523,
      "val_RMSE_2h":13.5560861241,
      "val_RMSE_avg":12.0811715382
    },
    {
      "AR_ORDER":4,
      "fold":3,
      "val_RMSE_1h":11.8992931757,
      "val_RMSE_2h":16.0535812861,
      "val_RMSE_avg":13.9764372309
    },
    {
      "AR_ORDER":4,
      "fold":4,
      "val_RMSE_1h":10.8203281001,
      "val_RMSE_2h":14.4162746371,
      "val_RMSE_avg":12.6183013686
    },
    {
      "AR_ORDER":5,
      "fold":0,
      "val_RMSE_1h":11.8478620128,
      "val_RMSE_2h":15.4213700208,
      "val_RMSE_avg":13.6346160168
    },
    {
      "AR_ORDER":5,
      "fold":1,
      "val_RMSE_1h":15.9935450397,
      "val_RMSE_2h":22.5386128902,
      "val_RMSE_avg":19.266078965
    },
    {
      "AR_ORDER":5,
      "fold":2,
      "val_RMSE_1h":10.7053264224,
      "val_RMSE_2h":13.5897741492,
      "val_RMSE_avg":12.1475502858
    },
    {
      "AR_ORDER":5,
      "fold":3,
      "val_RMSE_1h":11.980971257,
      "val_RMSE_2h":16.1286038126,
      "val_RMSE_avg":14.0547875348
    },
    {
      "AR_ORDER":5,
      "fold":4,
      "val_RMSE_1h":10.9242242768,
      "val_RMSE_2h":14.5074350545,
      "val_RMSE_avg":12.7158296656
    },
    {
      "AR_ORDER":6,
      "fold":0,