{
  "trainval_storms":[
    "20180504-20180513_Bz_6RE_4regions",
    "20160822-20160828_Bz_6RE_4regions",
    "20180418-20180424_Bz_6RE_4regions",
    "20190509-20190512_Bz_6RE_4regions",
    "20171104-20171113_Bz_6RE_4regions",
    "20170926-20171005_Bz_6RE_4regions",
    "20160507-20160509_Bz_6RE_4regions",
    "20160405-20160410_Bz_6RE_4regions",
    "20160801-20160805_Bz_6RE_4regions",
    "20151218-20151225_Bz_6RE_4regions",
    "20150910-20150914_Bz_6RE_4regions",
    "20180824-20180831_Bz_6RE_4regions",
    "20170325-20170402_Bz_6RE_4regions",
    "20160401-20160404_Bz_6RE_4regions",
    "20161011-20161014_Bz_6RE_4regions",
    "20170905-20170910_Bz_6RE_4regions",
    "20181102-20181114_Bz_6RE_4regions",
    "20151006-20151008_Bz_6RE_4regions",
    "20160305-20160308_Bz_6RE_4regions",
    "20181005-20181011_Bz_6RE_4regions",
    "20150918-20150923_Bz_6RE_4regions"
  ],
  "n_cv_splits":5,
  "test_storms":[
    "20170526-20170531_Bz_6RE_4regions",
    "20160603-20160609_Bz_6RE_4regions"
  ],
  "regions":[
    "dayside",
    "duskside",
    "dawnside",
    "nightside"
  ],
  "endogenous_columns":[
    "target_Bz_dayside_t0",
    "target_Bz_duskside_t0",
    "target_Bz_dawnside_t0",
    "target_Bz_nightside_t0"
  ],
  "exogenous_features":[
    "Bmag",
    "BX",
    "BY_used",
    "BZ_used",
    "V",
    "Pdyn",
    "SYMH",
    "Ey",
    "Es",
    "theta",
    "Newell_Coupling"
  ],
  "forecast_results":{
    "1h":{
      "metrics":{
        "dayside":{
          "RMSE":12.7296951784,
          "MAE":10.1305277081,
          "R2":0.8549717661
        },
        "duskside":{
          "RMSE":19.6557421176,
          "MAE":14.5258045152,
          "R2":0.6977633844
        },
        "dawnside":{
          "RMSE":15.6552651858,
          "MAE":11.6687587781,
          "R2":0.5415979656
        },
        "nightside":{
          "RMSE":15.5408213792,
          "MAE":12.3283579079,
          "R2":-0.529774412
        }
      },
      "storm_metrics":{
        "20170526-20170531_Bz_6RE_4regions":{
          "dayside":{
            "RMSE":14.6014838914,
            "MAE":12.105170091,
            "R2":0.8216370183
          },
          "duskside":{
            "RMSE":13.026993534,
            "MAE":10.4588004529,
            "R2":0.7810073131
          },
          "dawnside":{
            "RMSE":17.1956338353,
            "MAE":13.8511941482,
            "R2":0.0191255967
          },
          "nightside":{
            "RMSE":17.6692099214,
            "MAE":13.8545708795,
            "R2":-1.8663222411
          }
        },
        "20160603-20160609_Bz_6RE_4regions":{
          "dayside":{
            "RMSE":10.8027949071,
            "MAE":8.380276505,
            "R2":0.8538390952
          },
          "duskside":{
            "RMSE":24.049428546,
            "MAE":18.130649025,
            "R2":0.6269095496
          },
          "dawnside":{
            "RMSE":14.150445809,
            "MAE":9.7343274274,
            "R2":0.7262992293
          },
          "nightside":{
            "RMSE":13.374062013,
            "MAE":10.9755782285,
            "R2":0.0388249383
          }
        }
      },
      "output_file":"VARX_results\/VARX_results_20260720_190606\/varx_4region_Bz_predictions_1h_20260720_190606.csv"
    },
    "2h":{
      "metrics":{
        "dayside":{
          "RMSE":15.4845367354,
          "MAE":12.3772956188,
          "R2":0.7857522786
        },
        "duskside":{
          "RMSE":22.9207957377,
          "MAE":17.4386730097,
          "R2":0.5854096871
        },
        "dawnside":{
          "RMSE":21.0375359139,
          "MAE":16.5934858762,
          "R2":0.1323723934
        },
        "nightside":{
          "RMSE":17.1125284224,
          "MAE":13.8971869675,
          "R2":-0.9772906348
        }
      },
      "storm_metrics":{
        "20170526-20170531_Bz_6RE_4regions":{
          "dayside":{
            "RMSE":16.8398171442,
            "MAE":13.528629801,
            "R2":0.7407221123
          },
          "duskside":{
            "RMSE":14.4559564422,
            "MAE":11.5324032344,
            "R2":0.7265302486
          },
          "dawnside":{
            "RMSE":23.9488298325,
            "MAE":20.0933631101,
            "R2":-1.0343637424
          },
          "nightside":{
            "RMSE":20.9166855482,
            "MAE":17.4032688564,
            "R2":-2.6344565799
          }
        },
        "20160603-20160609_Bz_6RE_4regions":{
          "dayside":{
            "RMSE":14.1928990981,
            "MAE":11.3698782093,
            "R2":0.7569141799
          },
          "duskside":{
            "RMSE":28.3231804847,
            "MAE":22.6066590631,
            "R2":0.4814193748
          },
          "dawnside":{
            "RMSE":18.1102305602,
            "MAE":13.5310932965,
            "R2":0.5332939417
          },
          "nightside":{
            "RMSE":12.8939195691,
            "MAE":10.8293653146,
            "R2":-0.1685663459
          }
        }
      },
      "output_file":"VARX_results\/VARX_results_20260720_190606\/varx_4region_Bz_predictions_2h_20260720_190606.csv"
    }
  },
  "var_order_candidates":[
    1,
    2,
    3,
    4,
    5,
    6,
    7,
    8,
    9,
    10,
    11,
    12
  ],
  "var_order_selected":3,
  "var_order_cv_rmse":[
    {
      "VAR_ORDER":3,
      "cv_RMSE_mean":17.1355223927,
      "cv_RMSE_std":1.8643185327
    },
    {
      "VAR_ORDER":5,
      "cv_RMSE_mean":17.3019310329,
      "cv_RMSE_std":2.0944723834
    },
    {
      "VAR_ORDER":7,
      "cv_RMSE_mean":17.304967505,
      "cv_RMSE_std":2.322512817
    },
    {
      "VAR_ORDER":4,
      "cv_RMSE_mean":17.3208372012,
      "cv_RMSE_std":2.0502156351
    },
    {
      "VAR_ORDER":6,
      "cv_RMSE_mean":17.3299356937,
      "cv_RMSE_std":2.1864758149
    },
    {
      "VAR_ORDER":2,
      "cv_RMSE_mean":17.3883478171,
      "cv_RMSE_std":1.8316959098
    },
    {
      "VAR_ORDER":8,
      "cv_RMSE_mean":17.3980565877,
      "cv_RMSE_std":2.3832593743
    },
    {
      "VAR_ORDER":9,
      "cv_RMSE_mean":17.4092192568,
      "cv_RMSE_std":2.3174591073
    },
    {
      "VAR_ORDER":1,
      "cv_RMSE_mean":17.4419161062,
      "cv_RMSE_std":1.7617511855
    },
    {
      "VAR_ORDER":10,
      "cv_RMSE_mean":17.4957467448,
      "cv_RMSE_std":2.2489330309
    },
    {
      "VAR_ORDER":11,
      "cv_RMSE_mean":17.6127685332,
      "cv_RMSE_std":2.2617723629
    },
    {
      "VAR_ORDER":12,
      "cv_RMSE_mean":17.655411551,
      "cv_RMSE_std":2.1561972679
    }
  ],
  "var_order_cv_rmse_by_fold":[
    {
      "VAR_ORDER":1,
      "fold":0,
      "val_RMSE_1h":16.3372520908,
      "val_RMSE_2h":19.6816448741,
      "val_RMSE_avg":18.0094484824
    },
    {
      "VAR_ORDER":1,
      "fold":1,
      "val_RMSE_1h":19.5059312721,
      "val_RMSE_2h":21.6837207898,
      "val_RMSE_avg":20.594826031
    },
    {
      "VAR_ORDER":1,
      "fold":2,
      "val_RMSE_1h":15.0465025307,
      "val_RMSE_2h":16.0810753869,
      "val_RMSE_avg":15.5637889588
    },
    {
      "VAR_ORDER":1,
      "fold":3,
      "val_RMSE_1h":14.8309769166,
      "val_RMSE_2h":18.4614507283,
      "val_RMSE_avg":16.6462138224
    },
    {
      "VAR_ORDER":1,
      "fold":4,
      "val_RMSE_1h":15.0624465861,
      "val_RMSE_2h":17.7281598863,
      "val_RMSE_avg":16.3953032362
    },
    {
      "VAR_ORDER":2,
      "fold":0,
      "val_RMSE_1h":16.4987411976,
      "val_RMSE_2h":19.8693790039,
      "val_RMSE_avg":18.1840601008
    },
    {
      "VAR_ORDER":2,
      "fold":1,
      "val_RMSE_1h":19.5340589186,
      "val_RMSE_2h":21.6195634836,
      "val_RMSE_avg":20.5768112011
    },
    {
      "VAR_ORDER":2,
      "fold":2,
      "val_RMSE_1h":14.9018573161,
      "val_RMSE_2h":15.9334462548,
      "val_RMSE_avg":15.4176517855
    },
    {
      "VAR_ORDER":2,
      "fold":3,
      "val_RMSE_1h":14.7320762166,
      "val_RMSE_2h":18.3928019683,