{
  "trainval_storms":[
    "20180504-20180513_Bz_6RE_4regions",
    "20160822-20160828_Bz_6RE_4regions",
    "20180418-20180424_Bz_6RE_4regions",
    "20190509-20190512_Bz_6RE_4regions",
    "20171104-20171113_Bz_6RE_4regions",
    "20170926-20171005_Bz_6RE_4regions",
    "20160507-20160509_Bz_6RE_4regions",
    "20160405-20160410_Bz_6RE_4regions",
    "20160801-20160805_Bz_6RE_4regions",
    "20151218-20151225_Bz_6RE_4regions",
    "20150910-20150914_Bz_6RE_4regions",
    "20180824-20180831_Bz_6RE_4regions",
    "20170325-20170402_Bz_6RE_4regions",
    "20160401-20160404_Bz_6RE_4regions",
    "20161011-20161014_Bz_6RE_4regions",
    "20170905-20170910_Bz_6RE_4regions",
    "20181102-20181114_Bz_6RE_4regions",
    "20151006-20151008_Bz_6RE_4regions",
    "20160305-20160308_Bz_6RE_4regions",
    "20181005-20181011_Bz_6RE_4regions",
    "20150918-20150923_Bz_6RE_4regions"
  ],
  "n_cv_splits":5,
  "test_storms":[
    "20170526-20170531_Bz_6RE_4regions",
    "20160603-20160609_Bz_6RE_4regions"
  ],
  "regions":[
    "dayside",
    "duskside",
    "dawnside"
  ],
  "endogenous_columns":[
    "target_Bz_dayside_t0",
    "target_Bz_duskside_t0",
    "target_Bz_dawnside_t0"
  ],
  "exogenous_features":[
    "Bmag",
    "Pdyn",
    "SYMH",
    "Es",
    "Ey"
  ],
  "forecast_results":{
    "1h":{
      "metrics":{
        "dayside":{
          "RMSE":10.5568059742,
          "MAE":8.3531722341,
          "R2":0.8785803902
        },
        "duskside":{
          "RMSE":15.8565175511,
          "MAE":12.011897806,
          "R2":0.7463851237
        },
        "dawnside":{
          "RMSE":10.7944680656,
          "MAE":8.3051576626,
          "R2":0.8280842153
        }
      },
      "storm_metrics":{
        "20170526-20170531_Bz_6RE_4regions":{
          "dayside":{
            "RMSE":11.055537595,
            "MAE":9.0572995701,
            "R2":0.8752406175
          },
          "duskside":{
            "RMSE":11.6655075155,
            "MAE":8.9161239572,
            "R2":0.8352819984
          },
          "dawnside":{
            "RMSE":9.762276565,
            "MAE":7.6795644567,
            "R2":0.8660761233
          }
        },
        "20160603-20160609_Bz_6RE_4regions":{
          "dayside":{
            "RMSE":10.0333141703,
            "MAE":7.6490448981,
            "R2":0.8270061114
          },
          "duskside":{
            "RMSE":19.1513506599,
            "MAE":15.1076716548,
            "R2":0.6626939106
          },
          "dawnside":{
            "RMSE":11.7362275841,
            "MAE":8.9307508685,
            "R2":0.755502158
          }
        }
      },
      "output_file":"VARX_results\/VARX_results_20260721_123252\/varx_4region_Bz_predictions_1h_20260721_123252.csv"
    },
    "2h":{
      "metrics":{
        "dayside":{
          "RMSE":13.4717690453,
          "MAE":10.8699622117,
          "R2":0.8035908168
        },
        "duskside":{
          "RMSE":18.9638153187,
          "MAE":15.380891432,
          "R2":0.6266465902
        },
        "dawnside":{
          "RMSE":14.0938309894,
          "MAE":11.1762872643,
          "R2":0.6993387944
        }
      },
      "storm_metrics":{
        "20170526-20170531_Bz_6RE_4regions":{
          "dayside":{
            "RMSE":14.2650160501,
            "MAE":11.6635225399,
            "R2":0.7954524375
          },
          "duskside":{
            "RMSE":14.5700365009,
            "MAE":11.8156554766,
            "R2":0.7300256183
          },
          "dawnside":{
            "RMSE":13.4395910192,
            "MAE":10.7269965592,
            "R2":0.7393339365
          }
        },
        "20160603-20160609_Bz_6RE_4regions":{
          "dayside":{
            "RMSE":12.628794064,
            "MAE":10.0764018836,
            "R2":0.7258160913
          },
          "duskside":{
            "RMSE":22.5159192404,
            "MAE":18.9461273874,
            "R2":0.5257670195
          },
          "dawnside":{
            "RMSE":14.7190195717,
            "MAE":11.6255779694,
            "R2":0.603771145
          }
        }
      },
      "output_file":"VARX_results\/VARX_results_20260721_123252\/varx_4region_Bz_predictions_2h_20260721_123252.csv"
    }
  },
  "var_order_candidates":[
    1,
    2,
    3,
    4,
    5,
    6,
    7,
    8,
    9,
    10,
    11,
    12
  ],
  "var_order_selected":1,
  "var_order_cv_rmse":[
    {
      "VAR_ORDER":1,
      "cv_RMSE_mean":13.276839427,
      "cv_RMSE_std":0.7956239353
    },
    {
      "VAR_ORDER":3,
      "cv_RMSE_mean":13.502541017,
      "cv_RMSE_std":0.8365333646
    },
    {
      "VAR_ORDER":5,
      "cv_RMSE_mean":13.5181440369,
      "cv_RMSE_std":0.8376440061
    },
    {
      "VAR_ORDER":2,
      "cv_RMSE_mean":13.5421073574,
      "cv_RMSE_std":0.8527299353
    },
    {
      "VAR_ORDER":4,
      "cv_RMSE_mean":13.5433953193,
      "cv_RMSE_std":0.8506580496
    },
    {
      "VAR_ORDER":6,
      "cv_RMSE_mean":13.6014596625,
      "cv_RMSE_std":0.8537686536
    },
    {
      "VAR_ORDER":7,
      "cv_RMSE_mean":13.6484698084,
      "cv_RMSE_std":0.8710774309
    },
    {
      "VAR_ORDER":8,
      "cv_RMSE_mean":13.6968512123,
      "cv_RMSE_std":0.852760149
    },
    {
      "VAR_ORDER":9,
      "cv_RMSE_mean":13.7296953763,
      "cv_RMSE_std":0.8221791676
    },
    {
      "VAR_ORDER":10,
      "cv_RMSE_mean":13.766444377,
      "cv_RMSE_std":0.8283760639
    },
    {
      "VAR_ORDER":11,
      "cv_RMSE_mean":13.8229913386,
      "cv_RMSE_std":0.8677276095
    },
    {
      "VAR_ORDER":12,
      "cv_RMSE_mean":13.8602586808,
      "cv_RMSE_std":0.845612396
    }
  ],
  "var_order_cv_rmse_by_fold":[
    {
      "VAR_ORDER":1,
      "fold":0,
      "val_RMSE_1h":12.505010319,
      "val_RMSE_2h":15.6860832154,
      "val_RMSE_avg":14.0955467672
    },
    {
      "VAR_ORDER":1,
      "fold":1,
      "val_RMSE_1h":12.7579000746,
      "val_RMSE_2h":15.4710774634,
      "val_RMSE_avg":14.114488769
    },
    {
      "VAR_ORDER":1,
      "fold":2,
      "val_RMSE_1h":11.4072898272,
      "val_RMSE_2h":13.6201347791,
      "val_RMSE_avg":12.5137123031
    },
    {
      "VAR_ORDER":1,
      "fold":3,
      "val_RMSE_1h":10.9876663719,
      "val_RMSE_2h":13.3985328904,
      "val_RMSE_avg":12.1930996311
    },
    {
      "VAR_ORDER":1,
      "fold":4,
      "val_RMSE_1h":11.8257049933,
      "val_RMSE_2h":15.1089943357,
      "val_RMSE_avg":13.4673496645
    },
    {
      "VAR_ORDER":2,
      "fold":0,
      "val_RMSE_1h":12.5976126643,
      "val_RMSE_2h":16.090979405,
      "val_RMSE_avg":14.3442960347
    },
    {
      "VAR_ORDER":2,
      "fold":1,
      "val_RMSE_1h":13.315586723,
      "val_RMSE_2h":16.0505310451,
      "val_RMSE_avg":14.6830588841
    },
    {
      "VAR_ORDER":2,
      "fold":2,
      "val_RMSE_1h":11.3073032801,
      "val_RMSE_2h":13.6808978093,
      "val_RMSE_avg":12.4941005447
    },
    {
      "VAR_ORDER":2,
      "fold":3,
      "val_RMSE_1h":11.3707873466,
      "val_RMSE_2h":14.1994006431,
      "val_RMSE_avg":12.7850939949
    },
    {
      "VAR_ORDER":2,
      "fold":4,
      "val_RMSE_1h":11.7440623346,
      "val_RMSE_2h":15.0639123231,
      "val_RMSE_avg":13.4039873289
    },
    {
      "VAR_ORDER":3,
      "fold":0,
      "val_RMSE_1h":12.5785670642,
      "val_RMSE_2h":16.0214568575,
      "val_RMSE_avg":14.3000119609
    },
    {
      "VAR_ORDER":3,
      "fold":1,
      "val_RMSE_1h":13.24649019,
      "val_RMSE_2h":16.0465001412,
      "val_RMSE_avg":14.6464951656
    },
    {
      "VAR_ORDER":3,
      "fold":2,
      "val_RMSE_1h":11.3080306771,
      "val_RMSE_2h":13.6610893943,
      "val_RMSE_avg":12.4845600357
    },
    {
      "VAR_ORDER":3,
      "fold":3,
      "val_RMSE_1h":11.4061687576,
      "val_RMSE_2h":14.2472412854,
      "val_RMSE_avg":12.8267050215
    },
    {
      "VAR_ORDER":3,
      "fold":4,
      "val_RMSE_1h":11.6320935589,
      "val_RMSE_2h":14.8777722437,