{
  "trainval_storms":[
    "20180504-20180513_Bz_6RE_4regions",
    "20160822-20160828_Bz_6RE_4regions",
    "20180418-20180424_Bz_6RE_4regions",
    "20190509-20190512_Bz_6RE_4regions",
    "20171104-20171113_Bz_6RE_4regions",
    "20170926-20171005_Bz_6RE_4regions",
    "20160507-20160509_Bz_6RE_4regions",
    "20160405-20160410_Bz_6RE_4regions",
    "20160801-20160805_Bz_6RE_4regions",
    "20151218-20151225_Bz_6RE_4regions",
    "20150910-20150914_Bz_6RE_4regions",
    "20180824-20180831_Bz_6RE_4regions",
    "20170325-20170402_Bz_6RE_4regions",
    "20160401-20160404_Bz_6RE_4regions",
    "20161011-20161014_Bz_6RE_4regions",
    "20170905-20170910_Bz_6RE_4regions",
    "20181102-20181114_Bz_6RE_4regions",
    "20151006-20151008_Bz_6RE_4regions",
    "20160305-20160308_Bz_6RE_4regions",
    "20181005-20181011_Bz_6RE_4regions",
    "20150918-20150923_Bz_6RE_4regions"
  ],
  "n_cv_splits":5,
  "test_storms":[
    "20170526-20170531_Bz_6RE_4regions",
    "20160603-20160609_Bz_6RE_4regions"
  ],
  "regions":[
    "dayside",
    "dawnside"
  ],
  "endogenous_columns":[
    "target_Bz_dayside_t0",
    "target_Bz_dawnside_t0"
  ],
  "exogenous_features":[
    "SYMH",
    "Es"
  ],
  "forecast_results":{
    "1h":{
      "metrics":{
        "dayside":{
          "RMSE":11.4887784579,
          "MAE":9.3105804371,
          "R2":0.8561958355
        },
        "dawnside":{
          "RMSE":11.0446784363,
          "MAE":8.3851299653,
          "R2":0.820022003
        }
      },
      "storm_metrics":{
        "20170526-20170531_Bz_6RE_4regions":{
          "dayside":{
            "RMSE":11.6092289872,
            "MAE":10.0110539056,
            "R2":0.8624311078
          },
          "dawnside":{
            "RMSE":9.9084406785,
            "MAE":7.7173652542,
            "R2":0.8620357941
          }
        },
        "20160603-20160609_Bz_6RE_4regions":{
          "dayside":{
            "RMSE":11.3670516508,
            "MAE":8.6101069686,
            "R2":0.7779567349
          },
          "dawnside":{
            "RMSE":12.0744625902,
            "MAE":9.0528946764,
            "R2":0.741206356
          }
        }
      },
      "output_file":"VARX_results\/VARX_results_20260721_125604\/varx_4region_Bz_predictions_1h_20260721_125604.csv"
    },
    "2h":{
      "metrics":{
        "dayside":{
          "RMSE":15.1122925798,
          "MAE":12.5140496742,
          "R2":0.7528428162
        },
        "dawnside":{
          "RMSE":14.9264593307,
          "MAE":11.4150269178,
          "R2":0.6627648148
        }
      },
      "storm_metrics":{
        "20170526-20170531_Bz_6RE_4regions":{
          "dayside":{
            "RMSE":15.2469703994,
            "MAE":12.9943218159,
            "R2":0.7663225022
          },
          "dawnside":{
            "RMSE":13.9996878137,
            "MAE":10.8722897456,
            "R2":0.7171546195
          }
        },
        "20160603-20160609_Bz_6RE_4regions":{
          "dayside":{
            "RMSE":14.9764036964,
            "MAE":12.0337775324,
            "R2":0.614403328
          },
          "dawnside":{
            "RMSE":15.7989593779,
            "MAE":11.95776409,
            "R2":0.5434952521
          }
        }
      },
      "output_file":"VARX_results\/VARX_results_20260721_125604\/varx_4region_Bz_predictions_2h_20260721_125604.csv"
    }
  },
  "var_order_candidates":[
    1,
    2,
    3,
    4,
    5,
    6,
    7,
    8,
    9,
    10,
    11,
    12
  ],
  "var_order_selected":1,
  "var_order_cv_rmse":[
    {
      "VAR_ORDER":1,
      "cv_RMSE_mean":12.0794901097,
      "cv_RMSE_std":0.7835007386
    },
    {
      "VAR_ORDER":5,
      "cv_RMSE_mean":12.1247682845,
      "cv_RMSE_std":0.8547038116
    },
    {
      "VAR_ORDER":4,
      "cv_RMSE_mean":12.1397408547,
      "cv_RMSE_std":0.8321681408
    },
    {
      "VAR_ORDER":3,
      "cv_RMSE_mean":12.1516670717,
      "cv_RMSE_std":0.8097744547
    },
    {
      "VAR_ORDER":6,
      "cv_RMSE_mean":12.1823378375,
      "cv_RMSE_std":0.8693775768
    },
    {
      "VAR_ORDER":2,
      "cv_RMSE_mean":12.2138185823,
      "cv_RMSE_std":0.8253538097
    },
    {
      "VAR_ORDER":7,
      "cv_RMSE_mean":12.2392212602,
      "cv_RMSE_std":0.8819557296
    },
    {
      "VAR_ORDER":8,
      "cv_RMSE_mean":12.2582445508,
      "cv_RMSE_std":0.9091123789
    },
    {
      "VAR_ORDER":9,
      "cv_RMSE_mean":12.3080478876,
      "cv_RMSE_std":0.9224227304
    },
    {
      "VAR_ORDER":10,
      "cv_RMSE_mean":12.3298187138,
      "cv_RMSE_std":0.928451588
    },
    {
      "VAR_ORDER":11,
      "cv_RMSE_mean":12.3531574411,
      "cv_RMSE_std":0.9492473232
    },
    {
      "VAR_ORDER":12,
      "cv_RMSE_mean":12.3828814715,
      "cv_RMSE_std":0.9499079648
    }
  ],
  "var_order_cv_rmse_by_fold":[
    {
      "VAR_ORDER":1,
      "fold":0,
      "val_RMSE_1h":11.8942469794,
      "val_RMSE_2h":15.1598958485,
      "val_RMSE_avg":13.5270714139
    },
    {
      "VAR_ORDER":1,
      "fold":1,
      "val_RMSE_1h":10.8545222415,
      "val_RMSE_2h":13.4147286412,
      "val_RMSE_avg":12.1346254414
    },
    {
      "VAR_ORDER":1,
      "fold":2,
      "val_RMSE_1h":10.2120072703,
      "val_RMSE_2h":12.2318584832,
      "val_RMSE_avg":11.2219328767
    },
    {
      "VAR_ORDER":1,
      "fold":3,
      "val_RMSE_1h":10.1752704906,
      "val_RMSE_2h":13.1048164424,
      "val_RMSE_avg":11.6400434665
    },
    {
      "VAR_ORDER":1,
      "fold":4,
      "val_RMSE_1h":10.254405183,
      "val_RMSE_2h":13.4931495166,
      "val_RMSE_avg":11.8737773498
    },
    {
      "VAR_ORDER":2,
      "fold":0,
      "val_RMSE_1h":12.0012122725,
      "val_RMSE_2h":15.4583459302,
      "val_RMSE_avg":13.7297791014
    },
    {
      "VAR_ORDER":2,
      "fold":1,
      "val_RMSE_1h":10.9541305741,
      "val_RMSE_2h":13.5145543868,
      "val_RMSE_avg":12.2343424805
    },
    {
      "VAR_ORDER":2,
      "fold":2,
      "val_RMSE_1h":10.1867964647,
      "val_RMSE_2h":12.2949271545,
      "val_RMSE_avg":11.2408618096
    },
    {
      "VAR_ORDER":2,
      "fold":3,
      "val_RMSE_1h":10.4211302237,
      "val_RMSE_2h":13.507173461,
      "val_RMSE_avg":11.9641518424
    },
    {
      "VAR_ORDER":2,
      "fold":4,
      "val_RMSE_1h":10.2728649884,
      "val_RMSE_2h":13.5270503675,
      "val_RMSE_avg":11.8999576779
    },
    {
      "VAR_ORDER":3,
      "fold":0,
      "val_RMSE_1h":11.9554245924,
      "val_RMSE_2h":15.3516601662,
      "val_RMSE_avg":13.6535423793
    },
    {
      "VAR_ORDER":3,
      "fold":1,
      "val_RMSE_1h":10.8645584824,
      "val_RMSE_2h":13.4269733135,
      "val_RMSE_avg":12.1457658979
    },
    {
      "VAR_ORDER":3,
      "fold":2,
      "val_RMSE_1h":10.1712304559,
      "val_RMSE_2h":12.2769640522,
      "val_RMSE_avg":11.2240972541
    },
    {
      "VAR_ORDER":3,
      "fold":3,
      "val_RMSE_1h":10.3211180332,
      "val_RMSE_2h":13.3673021294,
      "val_RMSE_avg":11.8442100813
    },
    {
      "VAR_ORDER":3,
      "fold":4,
      "val_RMSE_1h":10.277882811,
      "val_RMSE_2h":13.5035566812,
      "val_RMSE_avg":11.8907197461
    },
    {
      "VAR_ORDER":4,
      "fold":0,
      "val_RMSE_1h":11.9927197544,
      "val_RMSE_2h":15.3789290823,
      "val_RMSE_avg":13.6858244184
    },
    {
      "VAR_ORDER":4,
      "fold":1,
      "val_RMSE_1h":10.8604355296,
      "val_RMSE_2h":13.4086596403,
      "val_RMSE_avg":12.134547585
    },
    {
      "VAR_ORDER":4,
      "fold":2,
      "val_RMSE_1h":10.1404980188,
      "val_RMSE_2h":12.2521055391,
      "val_RMSE_avg":11.196301779
    },
    {
      "VAR_ORDER":4,
      "fold":3,
      "val_RMSE_1h":10.2820099732,
      "val_RMSE_2h":13.3155640395,
      "val_RMSE_avg":11.7987870063
    },
    {
      "VAR_ORDER":4,
      "fold":4,
      "val_RMSE_1h":10.2665185481,
      "val_RMSE_2h":13.4999684214,
      "val_RMSE_avg":11.8832434848
    },
    {
      "VAR_ORDER":5,
      "fold":0,
      "val_RMSE_1h":12.0497876411,