{
  "train_storms":[
    "20180504-20180513_dayside_6RE_peak_1h_2h_nolagg",
    "20160822-20160828_dayside_6RE_peak_1h_2h_nolagg",
    "20180418-20180424_dayside_6RE_peak_1h_2h_nolagg",
    "20190509-20190512_dayside_6RE_peak_1h_2h_nolagg",
    "20171104-20171113_dayside_6RE_peak_1h_2h_nolagg",
    "20170926-20171005_dayside_6RE_peak_1h_2h_nolagg",
    "20160507-20160509_dayside_6RE_peak_1h_2h_nolagg",
    "20160405-20160410_dayside_6RE_peak_1h_2h_nolagg",
    "20160801-20160805_dayside_6RE_peak_1h_2h_nolagg",
    "20151218-20151225_dayside_6RE_peak_1h_2h_nolagg",
    "20150910-20150914_dayside_6RE_peak_1h_2h_nolagg",
    "20180824-20180831_dayside_6RE_peak_1h_2h_nolagg",
    "20170325-20170402_dayside_6RE_peak_1h_2h_nolagg",
    "20160401-20160404_dayside_6RE_peak_1h_2h_nolagg",
    "20161011-20161014_dayside_6RE_peak_1h_2h_nolagg",
    "20170905-20170910_dayside_6RE_peak_1h_2h_nolagg",
    "20181102-20181114_dayside_6RE_peak_1h_2h_nolagg",
    "20151006-20151008_dayside_6RE_peak_1h_2h_nolagg"
  ],
  "validation_storms":[
    "20160305-20160308_dayside_6RE_peak_1h_2h_nolagg",
    "20181005-20181011_dayside_6RE_peak_1h_2h_nolagg"
  ],
  "test_storms":[
    "20150918-20150923_dayside_6RE_peak_1h_2h_nolagg",
    "20170526-20170531_dayside_6RE_peak_1h_2h_nolagg",
    "20160603-20160609_dayside_6RE_peak_1h_2h_nolagg"
  ],
  "target_variable":"target_Bz_dayside_6RE_t0",
  "exogenous_features":[
    "Bmag",
    "BZ_used",
    "Pdyn",
    "SYMH",
    "Ey",
    "Es"
  ],
  "forecast_results":{
    "1h":{
      "metrics":{
        "RMSE":8.8556600629,
        "MAE":6.9063251488,
        "R2":0.8815924887
      },
      "storm_metrics":{
        "20150918-20150923_dayside_6RE_peak_1h_2h_nolagg":{
          "RMSE":5.6685193762,
          "MAE":4.19529119,
          "R2":0.7780439912
        },
        "20170526-20170531_dayside_6RE_peak_1h_2h_nolagg":{
          "RMSE":8.8291647652,
          "MAE":7.2173819167,
          "R2":0.902325377
        },
        "20160603-20160609_dayside_6RE_peak_1h_2h_nolagg":{
          "RMSE":11.1884709893,
          "MAE":9.3063023397,
          "R2":0.786873931
        }
      },
      "output_file":"AR_results\/AR_results_20260715_121148\/ar_dayside_6RE_Bz_predictions_1h_20260715_121148.csv"
    },
    "2h":{
      "metrics":{
        "RMSE":11.550272742,
        "MAE":9.1190310647,
        "R2":0.7992995855
      },
      "storm_metrics":{
        "20150918-20150923_dayside_6RE_peak_1h_2h_nolagg":{
          "RMSE":6.249532111,
          "MAE":4.6809507302,
          "R2":0.7299423492
        },
        "20170526-20170531_dayside_6RE_peak_1h_2h_nolagg":{
          "RMSE":11.4861594682,
          "MAE":9.7304415484,
          "R2":0.8345719607
        },
        "20160603-20160609_dayside_6RE_peak_1h_2h_nolagg":{
          "RMSE":15.1406040273,
          "MAE":12.9457009154,
          "R2":0.60680675
        }
      },
      "output_file":"AR_results\/AR_results_20260715_121148\/ar_dayside_6RE_Bz_predictions_2h_20260715_121148.csv"
    }
  },
  "ar_order_candidates":[
    1,
    2
  ],
  "ar_order_selected":1,
  "ar_order_validation_rmse":[
    {
      "AR_ORDER":1,
      "val_RMSE_1h":7.6853327339,
      "val_RMSE_2h":8.6460437122,
      "val_RMSE_avg":8.165688223
    },
    {
      "AR_ORDER":2,
      "val_RMSE_1h":7.7593250871,
      "val_RMSE_2h":8.7334458908,
      "val_RMSE_avg":8.246385489
    }
  ],
  "model":"AutoReg(lags=1)"
}