{
  "trainval_storms":[
    "20180504-20180513_Bz_6RE_4regions",
    "20160822-20160828_Bz_6RE_4regions",
    "20180418-20180424_Bz_6RE_4regions",
    "20190509-20190512_Bz_6RE_4regions",
    "20171104-20171113_Bz_6RE_4regions",
    "20170926-20171005_Bz_6RE_4regions",
    "20160507-20160509_Bz_6RE_4regions",
    "20160405-20160410_Bz_6RE_4regions",
    "20160801-20160805_Bz_6RE_4regions",
    "20151218-20151225_Bz_6RE_4regions",
    "20150910-20150914_Bz_6RE_4regions",
    "20180824-20180831_Bz_6RE_4regions",
    "20170325-20170402_Bz_6RE_4regions",
    "20160401-20160404_Bz_6RE_4regions",
    "20161011-20161014_Bz_6RE_4regions",
    "20170905-20170910_Bz_6RE_4regions",
    "20181102-20181114_Bz_6RE_4regions",
    "20151006-20151008_Bz_6RE_4regions",
    "20160305-20160308_Bz_6RE_4regions",
    "20181005-20181011_Bz_6RE_4regions",
    "20150918-20150923_Bz_6RE_4regions"
  ],
  "n_cv_splits":5,
  "test_storms":[
    "20170526-20170531_Bz_6RE_4regions",
    "20160603-20160609_Bz_6RE_4regions"
  ],
  "regions":[
    "dayside",
    "dawnside"
  ],
  "endogenous_columns":[
    "target_Bz_dayside_t0",
    "target_Bz_dawnside_t0"
  ],
  "exogenous_features":[
    "Bmag",
    "SYMH",
    "Es",
    "Ey"
  ],
  "forecast_results":{
    "1h":{
      "metrics":{
        "dayside":{
          "RMSE":11.4987036999,
          "MAE":9.4020561592,
          "R2":0.8559472611
        },
        "dawnside":{
          "RMSE":10.6727299377,
          "MAE":8.1394978484,
          "R2":0.8319400219
        }
      },
      "storm_metrics":{
        "20170526-20170531_Bz_6RE_4regions":{
          "dayside":{
            "RMSE":11.6325024444,
            "MAE":10.1635264727,
            "R2":0.8618789758
          },
          "dawnside":{
            "RMSE":9.4305910978,
            "MAE":7.314127805,
            "R2":0.8750219836
          }
        },
        "20160603-20160609_Bz_6RE_4regions":{
          "dayside":{
            "RMSE":11.3633296369,
            "MAE":8.6405858456,
            "R2":0.7781021223
          },
          "dawnside":{
            "RMSE":11.7846629223,
            "MAE":8.9648678919,
            "R2":0.7534799115
          }
        }
      },
      "output_file":"VARX_results\/VARX_results_20260721_125153\/varx_4region_Bz_predictions_1h_20260721_125153.csv"
    },
    "2h":{
      "metrics":{
        "dayside":{
          "RMSE":15.0957556772,
          "MAE":12.5863728048,
          "R2":0.7533834328
        },
        "dawnside":{
          "RMSE":13.9163945436,
          "MAE":10.8035594356,
          "R2":0.7068615804
        }
      },
      "storm_metrics":{
        "20170526-20170531_Bz_6RE_4regions":{
          "dayside":{
            "RMSE":15.2368177475,
            "MAE":13.1465511533,
            "R2":0.7666336009
          },
          "dawnside":{
            "RMSE":12.7467007779,
            "MAE":9.8601851507,
            "R2":0.7655188314
          }
        },
        "20160603-20160609_Bz_6RE_4regions":{
          "dayside":{
            "RMSE":14.9533629616,
            "MAE":12.0261944564,
            "R2":0.6155888725
          },
          "dawnside":{
            "RMSE":14.9951223224,
            "MAE":11.7469337205,
            "R2":0.5887666197
          }
        }
      },
      "output_file":"VARX_results\/VARX_results_20260721_125153\/varx_4region_Bz_predictions_2h_20260721_125153.csv"
    }
  },
  "var_order_candidates":[
    1,
    2,
    3,
    4,
    5,
    6,
    7,
    8,
    9,
    10,
    11,
    12
  ],
  "var_order_selected":1,
  "var_order_cv_rmse":[
    {
      "VAR_ORDER":1,
      "cv_RMSE_mean":12.0714219177,
      "cv_RMSE_std":0.7327378532
    },
    {
      "VAR_ORDER":5,
      "cv_RMSE_mean":12.1102899758,
      "cv_RMSE_std":0.7990807024
    },
    {
      "VAR_ORDER":4,
      "cv_RMSE_mean":12.1214747864,
      "cv_RMSE_std":0.7776265906
    },
    {
      "VAR_ORDER":3,
      "cv_RMSE_mean":12.1348452161,
      "cv_RMSE_std":0.7576112942
    },
    {
      "VAR_ORDER":6,
      "cv_RMSE_mean":12.1694720294,
      "cv_RMSE_std":0.8118863624
    },
    {
      "VAR_ORDER":2,
      "cv_RMSE_mean":12.2079142914,
      "cv_RMSE_std":0.7723838115
    },
    {
      "VAR_ORDER":7,
      "cv_RMSE_mean":12.218243508,
      "cv_RMSE_std":0.8286828276
    },
    {
      "VAR_ORDER":8,
      "cv_RMSE_mean":12.2357817492,
      "cv_RMSE_std":0.8603827257
    },
    {
      "VAR_ORDER":9,
      "cv_RMSE_mean":12.2953987556,
      "cv_RMSE_std":0.8758766527
    },
    {
      "VAR_ORDER":10,
      "cv_RMSE_mean":12.319847058,
      "cv_RMSE_std":0.8846079976
    },
    {
      "VAR_ORDER":11,
      "cv_RMSE_mean":12.3432138106,
      "cv_RMSE_std":0.9130129483
    },
    {
      "VAR_ORDER":12,
      "cv_RMSE_mean":12.3726121008,
      "cv_RMSE_std":0.9155334816
    }
  ],
  "var_order_cv_rmse_by_fold":[
    {
      "VAR_ORDER":1,
      "fold":0,
      "val_RMSE_1h":11.7623548337,
      "val_RMSE_2h":14.9110876251,
      "val_RMSE_avg":13.3367212294
    },
    {
      "VAR_ORDER":1,
      "fold":1,
      "val_RMSE_1h":10.9733635874,
      "val_RMSE_2h":13.6549068971,
      "val_RMSE_avg":12.3141352423
    },
    {
      "VAR_ORDER":1,
      "fold":2,
      "val_RMSE_1h":10.1886153872,
      "val_RMSE_2h":12.2010040635,
      "val_RMSE_avg":11.1948097253
    },
    {
      "VAR_ORDER":1,
      "fold":3,
      "val_RMSE_1h":10.1452778188,
      "val_RMSE_2h":13.0289727331,
      "val_RMSE_avg":11.587125276
    },
    {
      "VAR_ORDER":1,
      "fold":4,
      "val_RMSE_1h":10.3045807591,
      "val_RMSE_2h":13.5440554717,
      "val_RMSE_avg":11.9243181154
    },
    {
      "VAR_ORDER":2,
      "fold":0,
      "val_RMSE_1h":11.8598504899,
      "val_RMSE_2h":15.186727814,
      "val_RMSE_avg":13.523289152
    },
    {
      "VAR_ORDER":2,
      "fold":1,
      "val_RMSE_1h":11.1270389083,
      "val_RMSE_2h":13.8951014927,
      "val_RMSE_avg":12.5110702005
    },
    {
      "VAR_ORDER":2,
      "fold":2,
      "val_RMSE_1h":10.1818271877,
      "val_RMSE_2h":12.2875647853,
      "val_RMSE_avg":11.2346959865
    },
    {
      "VAR_ORDER":2,
      "fold":3,
      "val_RMSE_1h":10.4059494171,
      "val_RMSE_2h":13.468502018,
      "val_RMSE_avg":11.9372257176
    },
    {
      "VAR_ORDER":2,
      "fold":4,
      "val_RMSE_1h":10.2455092561,
      "val_RMSE_2h":13.4210715451,
      "val_RMSE_avg":11.8332904006
    },
    {
      "VAR_ORDER":3,
      "fold":0,
      "val_RMSE_1h":11.8206456241,
      "val_RMSE_2h":15.0946517446,
      "val_RMSE_avg":13.4576486844
    },
    {
      "VAR_ORDER":3,
      "fold":1,
      "val_RMSE_1h":11.0177927417,
      "val_RMSE_2h":13.7707747051,
      "val_RMSE_avg":12.3942837234
    },
    {
      "VAR_ORDER":3,
      "fold":2,
      "val_RMSE_1h":10.1735570672,
      "val_RMSE_2h":12.2807230946,
      "val_RMSE_avg":11.2271400809
    },
    {
      "VAR_ORDER":3,
      "fold":3,
      "val_RMSE_1h":10.3100268456,
      "val_RMSE_2h":13.3366713561,
      "val_RMSE_avg":11.8233491009
    },
    {
      "VAR_ORDER":3,
      "fold":4,
      "val_RMSE_1h":10.216771831,
      "val_RMSE_2h":13.3268371504,
      "val_RMSE_avg":11.7718044907
    },
    {
      "VAR_ORDER":4,
      "fold":0,
      "val_RMSE_1h":11.8571914682,
      "val_RMSE_2h":15.1209078418,
      "val_RMSE_avg":13.489049655
    },
    {
      "VAR_ORDER":4,
      "fold":1,
      "val_RMSE_1h":11.0079215798,
      "val_RMSE_2h":13.7443585199,
      "val_RMSE_avg":12.3761400498
    },
    {
      "VAR_ORDER":4,
      "fold":2,
      "val_RMSE_1h":10.1468129899,
      "val_RMSE_2h":12.2650380993,
      "val_RMSE_avg":11.2059255446
    },
    {
      "VAR_ORDER":4,
      "fold":3,
      "val_RMSE_1h":10.272174123,
      "val_RMSE_2h":13.2945388913,
      "val_RMSE_avg":11.7833565072
    },
    {
      "VAR_ORDER":4,
      "fold":4,
      "val_RMSE_1h":10.2016639146,
      "val_RMSE_2h":13.3041404359,
      "val_RMSE_avg":11.7529021752
    },
    {
      "VAR_ORDER":5,
      "fold":0,