{
  "trainval_storms":[
    "20180504-20180513_Bz_6RE_4regions",
    "20160822-20160828_Bz_6RE_4regions",
    "20180418-20180424_Bz_6RE_4regions",
    "20190509-20190512_Bz_6RE_4regions",
    "20171104-20171113_Bz_6RE_4regions",
    "20170926-20171005_Bz_6RE_4regions",
    "20160507-20160509_Bz_6RE_4regions",
    "20160405-20160410_Bz_6RE_4regions",
    "20160801-20160805_Bz_6RE_4regions",
    "20151218-20151225_Bz_6RE_4regions",
    "20150910-20150914_Bz_6RE_4regions",
    "20180824-20180831_Bz_6RE_4regions",
    "20170325-20170402_Bz_6RE_4regions",
    "20160401-20160404_Bz_6RE_4regions",
    "20161011-20161014_Bz_6RE_4regions",
    "20170905-20170910_Bz_6RE_4regions",
    "20181102-20181114_Bz_6RE_4regions",
    "20151006-20151008_Bz_6RE_4regions",
    "20160305-20160308_Bz_6RE_4regions",
    "20181005-20181011_Bz_6RE_4regions",
    "20150918-20150923_Bz_6RE_4regions"
  ],
  "n_cv_splits":5,
  "test_storms":[
    "20170526-20170531_Bz_6RE_4regions",
    "20160603-20160609_Bz_6RE_4regions"
  ],
  "regions":[
    "dayside",
    "duskside",
    "dawnside",
    "nightside"
  ],
  "endogenous_columns":[
    "target_Bz_dayside_t0",
    "target_Bz_duskside_t0",
    "target_Bz_dawnside_t0",
    "target_Bz_nightside_t0"
  ],
  "exogenous_features":[
    "Bmag",
    "SYMH",
    "Pdyn",
    "Ey",
    "Es"
  ],
  "forecast_results":{
    "1h":{
      "metrics":{
        "dayside":{
          "RMSE":9.9818589839,
          "MAE":8.0607273833,
          "R2":0.892171046
        },
        "duskside":{
          "RMSE":15.7343676578,
          "MAE":12.4068848667,
          "R2":0.7429797892
        },
        "dawnside":{
          "RMSE":10.9110639735,
          "MAE":8.5370150481,
          "R2":0.819800542
        },
        "nightside":{
          "RMSE":12.7289215449,
          "MAE":9.5682317415,
          "R2":0.163589618
        }
      },
      "storm_metrics":{
        "20170526-20170531_Bz_6RE_4regions":{
          "dayside":{
            "RMSE":10.5468787073,
            "MAE":8.8739892979,
            "R2":0.8881856143
          },
          "duskside":{
            "RMSE":12.1597134356,
            "MAE":9.7301093072,
            "R2":0.81196099
          },
          "dawnside":{
            "RMSE":10.5477178461,
            "MAE":8.4023469775,
            "R2":0.8394429444
          },
          "nightside":{
            "RMSE":11.2120287234,
            "MAE":8.1854717483,
            "R2":0.3265446368
          }
        },
        "20160603-20160609_Bz_6RE_4regions":{
          "dayside":{
            "RMSE":9.3828762692,
            "MAE":7.2474654687,
            "R2":0.8486472977
          },
          "duskside":{
            "RMSE":18.6355042955,
            "MAE":15.0836604262,
            "R2":0.6751411605
          },
          "dawnside":{
            "RMSE":11.2626942739,
            "MAE":8.6716831186,
            "R2":0.7680080451
          },
          "nightside":{
            "RMSE":14.0833696004,
            "MAE":10.9509917347,
            "R2":0.0106707392
          }
        }
      },
      "output_file":"VARX_results\/VARX_results_20260717_203829\/varx_4region_Bz_predictions_1h_20260717_203829.csv"
    },
    "2h":{
      "metrics":{
        "dayside":{
          "RMSE":12.7303191419,
          "MAE":10.3869830996,
          "R2":0.8261433435
        },
        "duskside":{
          "RMSE":20.6127215839,
          "MAE":17.0014588046,
          "R2":0.5425585088
        },
        "dawnside":{
          "RMSE":14.6994702739,
          "MAE":12.0174102488,
          "R2":0.6628861078
        },
        "nightside":{
          "RMSE":14.0921402125,
          "MAE":10.6860115369,
          "R2":-0.0473758193
        }
      },
      "storm_metrics":{
        "20170526-20170531_Bz_6RE_4regions":{
          "dayside":{
            "RMSE":13.5689850358,
            "MAE":11.1309327645,
            "R2":0.8177840012
          },
          "duskside":{
            "RMSE":17.1863427727,
            "MAE":13.9703687126,
            "R2":0.6046091987
          },
          "dawnside":{
            "RMSE":15.4593950529,
            "MAE":12.8385599426,
            "R2":0.6462255227
          },
          "nightside":{
            "RMSE":13.9791058572,
            "MAE":10.0504619566,
            "R2":-0.0782751199
          }
        },
        "20160603-20160609_Bz_6RE_4regions":{
          "dayside":{
            "RMSE":11.832358007,
            "MAE":9.6430334348,
            "R2":0.7601147576
          },
          "duskside":{
            "RMSE":23.5456621119,
            "MAE":20.0325488966,
            "R2":0.4665399195
          },
          "dawnside":{
            "RMSE":13.8980558808,
            "MAE":11.1962605551,
            "R2":0.631973507
          },
          "nightside":{
            "RMSE":14.204275095,
            "MAE":11.3215611173,
            "R2":-0.0208224704
          }
        }
      },
      "output_file":"VARX_results\/VARX_results_20260717_203829\/varx_4region_Bz_predictions_2h_20260717_203829.csv"
    }
  },
  "var_order_candidates":[
    1,
    2,
    3,
    4,
    5,
    6,
    7,
    8,
    9,
    10,
    11,
    12
  ],
  "var_order_selected":5,
  "var_order_cv_rmse":[
    {
      "VAR_ORDER":5,
      "cv_RMSE_mean":13.7172517619,
      "cv_RMSE_std":0.6946654176
    },
    {
      "VAR_ORDER":4,
      "cv_RMSE_mean":13.7414665947,
      "cv_RMSE_std":0.7299665114
    },
    {
      "VAR_ORDER":3,
      "cv_RMSE_mean":13.7489313929,
      "cv_RMSE_std":0.7387806684
    },
    {
      "VAR_ORDER":6,
      "cv_RMSE_mean":13.7873668181,
      "cv_RMSE_std":0.7060825021
    },
    {
      "VAR_ORDER":7,
      "cv_RMSE_mean":13.8422253087,
      "cv_RMSE_std":0.7214523088
    },
    {
      "VAR_ORDER":8,
      "cv_RMSE_mean":13.900990438,
      "cv_RMSE_std":0.7092537691
    },
    {
      "VAR_ORDER":2,
      "cv_RMSE_mean":13.9293226559,
      "cv_RMSE_std":0.7845122878
    },
    {
      "VAR_ORDER":9,
      "cv_RMSE_mean":13.9423988031,
      "cv_RMSE_std":0.6915366993
    },
    {
      "VAR_ORDER":10,
      "cv_RMSE_mean":13.9983455176,
      "cv_RMSE_std":0.7110861929
    },
    {
      "VAR_ORDER":11,
      "cv_RMSE_mean":14.0475877863,
      "cv_RMSE_std":0.7419978432
    },
    {
      "VAR_ORDER":1,
      "cv_RMSE_mean":14.0748847177,
      "cv_RMSE_std":0.7925281502
    },
    {
      "VAR_ORDER":12,
      "cv_RMSE_mean":14.0861506981,
      "cv_RMSE_std":0.7344710114
    }
  ],
  "var_order_cv_rmse_by_fold":[
    {
      "VAR_ORDER":1,
      "fold":0,
      "val_RMSE_1h":12.835443587,
      "val_RMSE_2h":16.0916844647,
      "val_RMSE_avg":14.4635640258
    },
    {
      "VAR_ORDER":1,
      "fold":1,
      "val_RMSE_1h":13.7637774945,
      "val_RMSE_2h":16.6218559722,
      "val_RMSE_avg":15.1928167334
    },
    {
      "VAR_ORDER":1,
      "fold":2,
      "val_RMSE_1h":12.3169833706,
      "val_RMSE_2h":14.4012241691,
      "val_RMSE_avg":13.3591037699
    },
    {
      "VAR_ORDER":1,
      "fold":3,
      "val_RMSE_1h":11.7633730724,
      "val_RMSE_2h":14.2430778791,
      "val_RMSE_avg":13.0032254757
    },
    {
      "VAR_ORDER":1,
      "fold":4,
      "val_RMSE_1h":12.8562376985,
      "val_RMSE_2h":15.855189469,
      "val_RMSE_avg":14.3557135838
    },
    {
      "VAR_ORDER":2,
      "fold":0,
      "val_RMSE_1h":12.7824730955,
      "val_RMSE_2h":16.0260836867,
      "val_RMSE_avg":14.4042783911
    },
    {
      "VAR_ORDER":2,
      "fold":1,
      "val_RMSE_1h":13.8003264558,
      "val_RMSE_2h":16.520960393,
      "val_RMSE_avg":15.1606434244
    },
    {
      "VAR_ORDER":2,
      "fold":2,
      "val_RMSE_1h":11.9814324297,
      "val_RMSE_2h":14.0959608358,
      "val_RMSE_avg":13.0386966328
    },
    {
      "VAR_ORDER":2,
      "fold":3,
      "val_RMSE_1h":11.9027724793,
      "val_RMSE_2h":14.4926016343,
      "val_RMSE_avg":13.1976870568
    },
    {
      "VAR_ORDER":2,
      "fold":4,
      "val_RMSE_1h":12.4017746018,