{
  "trainval_storms":[
    "20180504-20180513_Bz_6RE_4regions",
    "20160822-20160828_Bz_6RE_4regions",
    "20180418-20180424_Bz_6RE_4regions",
    "20190509-20190512_Bz_6RE_4regions",
    "20171104-20171113_Bz_6RE_4regions",
    "20170926-20171005_Bz_6RE_4regions",
    "20160507-20160509_Bz_6RE_4regions",
    "20160405-20160410_Bz_6RE_4regions",
    "20160801-20160805_Bz_6RE_4regions",
    "20151218-20151225_Bz_6RE_4regions",
    "20150910-20150914_Bz_6RE_4regions",
    "20180824-20180831_Bz_6RE_4regions",
    "20170325-20170402_Bz_6RE_4regions",
    "20160401-20160404_Bz_6RE_4regions",
    "20161011-20161014_Bz_6RE_4regions",
    "20170905-20170910_Bz_6RE_4regions",
    "20181102-20181114_Bz_6RE_4regions",
    "20151006-20151008_Bz_6RE_4regions",
    "20160305-20160308_Bz_6RE_4regions",
    "20181005-20181011_Bz_6RE_4regions",
    "20150918-20150923_Bz_6RE_4regions"
  ],
  "n_cv_splits":5,
  "test_storms":[
    "20170526-20170531_Bz_6RE_4regions",
    "20160603-20160609_Bz_6RE_4regions"
  ],
  "regions":[
    "dayside",
    "duskside",
    "dawnside"
  ],
  "endogenous_columns":[
    "target_Bz_dayside_t0",
    "target_Bz_duskside_t0",
    "target_Bz_dawnside_t0"
  ],
  "exogenous_features":[
    "BZ_used",
    "Pdyn",
    "SYMH",
    "Es",
    "Ey"
  ],
  "forecast_results":{
    "1h":{
      "metrics":{
        "dayside":{
          "RMSE":10.5493636102,
          "MAE":8.3437391751,
          "R2":0.8787515273
        },
        "duskside":{
          "RMSE":16.3354936505,
          "MAE":12.517754543,
          "R2":0.7308318773
        },
        "dawnside":{
          "RMSE":11.3697245077,
          "MAE":8.9219902225,
          "R2":0.8092725749
        }
      },
      "storm_metrics":{
        "20170526-20170531_Bz_6RE_4regions":{
          "dayside":{
            "RMSE":10.9540843492,
            "MAE":8.9708965802,
            "R2":0.8775198678
          },
          "duskside":{
            "RMSE":12.6264935393,
            "MAE":9.698569398,
            "R2":0.8070257726
          },
          "dawnside":{
            "RMSE":10.7670431907,
            "MAE":8.8278919117,
            "R2":0.837089638
          }
        },
        "20160603-20160609_Bz_6RE_4regions":{
          "dayside":{
            "RMSE":10.128483659,
            "MAE":7.71658177,
            "R2":0.823708732
          },
          "duskside":{
            "RMSE":19.3460168126,
            "MAE":15.336939688,
            "R2":0.6558018856
          },
          "dawnside":{
            "RMSE":11.9420287929,
            "MAE":9.0160885333,
            "R2":0.7468521676
          }
        }
      },
      "output_file":"VARX_results\/VARX_results_20260721_105043\/varx_4region_Bz_predictions_1h_20260721_105043.csv"
    },
    "2h":{
      "metrics":{
        "dayside":{
          "RMSE":13.6285298677,
          "MAE":11.2102310772,
          "R2":0.7989932913
        },
        "duskside":{
          "RMSE":20.4564364568,
          "MAE":16.8548437179,
          "R2":0.5655611555
        },
        "dawnside":{
          "RMSE":15.6185490648,
          "MAE":12.5170945416,
          "R2":0.6307668812
        }
      },
      "storm_metrics":{
        "20170526-20170531_Bz_6RE_4regions":{
          "dayside":{
            "RMSE":14.2787412685,
            "MAE":12.1257669657,
            "R2":0.7950586335
          },
          "duskside":{
            "RMSE":17.3932500756,
            "MAE":13.9814509233,
            "R2":0.6152640597
          },
          "dawnside":{
            "RMSE":15.9128273894,
            "MAE":13.1329773399,
            "R2":0.6345675653
          }
        },
        "20160603-20160609_Bz_6RE_4regions":{
          "dayside":{
            "RMSE":12.9457020086,
            "MAE":10.2946951886,
            "R2":0.7118826494
          },
          "duskside":{
            "RMSE":23.1172324647,
            "MAE":19.7282365124,
            "R2":0.5000989262
          },
          "dawnside":{
            "RMSE":15.3186185491,
            "MAE":11.9012117433,
            "R2":0.570831797
          }
        }
      },
      "output_file":"VARX_results\/VARX_results_20260721_105043\/varx_4region_Bz_predictions_2h_20260721_105043.csv"
    }
  },
  "var_order_candidates":[
    1,
    2,
    3,
    4,
    5,
    6,
    7,
    8,
    9,
    10,
    11,
    12
  ],
  "var_order_selected":1,
  "var_order_cv_rmse":[
    {
      "VAR_ORDER":1,
      "cv_RMSE_mean":13.5046471468,
      "cv_RMSE_std":0.7934600384
    },
    {
      "VAR_ORDER":3,
      "cv_RMSE_mean":13.7063587671,
      "cv_RMSE_std":0.8579151278
    },
    {
      "VAR_ORDER":5,
      "cv_RMSE_mean":13.7116434295,
      "cv_RMSE_std":0.867863221
    },
    {
      "VAR_ORDER":4,
      "cv_RMSE_mean":13.7425109745,
      "cv_RMSE_std":0.8592012513
    },
    {
      "VAR_ORDER":2,
      "cv_RMSE_mean":13.7693022613,
      "cv_RMSE_std":0.8917584451
    },
    {
      "VAR_ORDER":6,
      "cv_RMSE_mean":13.7958651625,
      "cv_RMSE_std":0.8832056818
    },
    {
      "VAR_ORDER":7,
      "cv_RMSE_mean":13.8500760566,
      "cv_RMSE_std":0.8910243558
    },
    {
      "VAR_ORDER":8,
      "cv_RMSE_mean":13.908104443,
      "cv_RMSE_std":0.8695204618
    },
    {
      "VAR_ORDER":9,
      "cv_RMSE_mean":13.9470548871,
      "cv_RMSE_std":0.8726917459
    },
    {
      "VAR_ORDER":10,
      "cv_RMSE_mean":13.9781159122,
      "cv_RMSE_std":0.8701117933
    },
    {
      "VAR_ORDER":11,
      "cv_RMSE_mean":14.0489403584,
      "cv_RMSE_std":0.9121173104
    },
    {
      "VAR_ORDER":12,
      "cv_RMSE_mean":14.0962697865,
      "cv_RMSE_std":0.8830908682
    }
  ],
  "var_order_cv_rmse_by_fold":[
    {
      "VAR_ORDER":1,
      "fold":0,
      "val_RMSE_1h":12.7496388726,
      "val_RMSE_2h":16.3308268329,
      "val_RMSE_avg":14.5402328528
    },
    {
      "VAR_ORDER":1,
      "fold":1,
      "val_RMSE_1h":12.743746888,
      "val_RMSE_2h":15.5089268448,
      "val_RMSE_avg":14.1263368664
    },
    {
      "VAR_ORDER":1,
      "fold":2,
      "val_RMSE_1h":11.4301085787,
      "val_RMSE_2h":13.6139832245,
      "val_RMSE_avg":12.5220459016
    },
    {
      "VAR_ORDER":1,
      "fold":3,
      "val_RMSE_1h":11.2725387744,
      "val_RMSE_2h":14.0662294732,
      "val_RMSE_avg":12.6693841238
    },
    {
      "VAR_ORDER":1,
      "fold":4,
      "val_RMSE_1h":11.9334324402,
      "val_RMSE_2h":15.3970395389,
      "val_RMSE_avg":13.6652359896
    },
    {
      "VAR_ORDER":2,
      "fold":0,
      "val_RMSE_1h":12.9613224961,
      "val_RMSE_2h":16.980107902,
      "val_RMSE_avg":14.9707151991
    },
    {
      "VAR_ORDER":2,
      "fold":1,
      "val_RMSE_1h":13.1863053865,
      "val_RMSE_2h":15.7851177923,
      "val_RMSE_avg":14.4857115894
    },
    {
      "VAR_ORDER":2,
      "fold":2,
      "val_RMSE_1h":11.3061834944,
      "val_RMSE_2h":13.672503639,
      "val_RMSE_avg":12.4893435667
    },
    {
      "VAR_ORDER":2,
      "fold":3,
      "val_RMSE_1h":11.6033358359,
      "val_RMSE_2h":14.7010813416,
      "val_RMSE_avg":13.1522085888
    },
    {
      "VAR_ORDER":2,
      "fold":4,
      "val_RMSE_1h":11.9416692592,
      "val_RMSE_2h":15.5553954656,
      "val_RMSE_avg":13.7485323624
    },
    {
      "VAR_ORDER":3,
      "fold":0,
      "val_RMSE_1h":12.9103850828,
      "val_RMSE_2h":16.8428609301,
      "val_RMSE_avg":14.8766230065
    },
    {
      "VAR_ORDER":3,
      "fold":1,
      "val_RMSE_1h":13.0772588823,
      "val_RMSE_2h":15.7335958047,
      "val_RMSE_avg":14.4054273435
    },
    {
      "VAR_ORDER":3,
      "fold":2,
      "val_RMSE_1h":11.3187689716,
      "val_RMSE_2h":13.6705269245,
      "val_RMSE_avg":12.494647948
    },
    {
      "VAR_ORDER":3,
      "fold":3,
      "val_RMSE_1h":11.5866400912,
      "val_RMSE_2h":14.6442415322,
      "val_RMSE_avg":13.1154408117
    },
    {
      "VAR_ORDER":3,
      "fold":4,
      "val_RMSE_1h":11.8525728546,
      "val_RMSE_2h":15.4267365971,