{
  "trainval_storms":[
    "20180504-20180513_Bz_6RE_4regions",
    "20160822-20160828_Bz_6RE_4regions",
    "20180418-20180424_Bz_6RE_4regions",
    "20190509-20190512_Bz_6RE_4regions",
    "20171104-20171113_Bz_6RE_4regions",
    "20170926-20171005_Bz_6RE_4regions",
    "20160507-20160509_Bz_6RE_4regions",
    "20160405-20160410_Bz_6RE_4regions",
    "20160801-20160805_Bz_6RE_4regions",
    "20151218-20151225_Bz_6RE_4regions",
    "20150910-20150914_Bz_6RE_4regions",
    "20180824-20180831_Bz_6RE_4regions",
    "20170325-20170402_Bz_6RE_4regions",
    "20160401-20160404_Bz_6RE_4regions",
    "20161011-20161014_Bz_6RE_4regions",
    "20170905-20170910_Bz_6RE_4regions",
    "20181102-20181114_Bz_6RE_4regions",
    "20151006-20151008_Bz_6RE_4regions",
    "20160305-20160308_Bz_6RE_4regions",
    "20181005-20181011_Bz_6RE_4regions",
    "20150918-20150923_Bz_6RE_4regions"
  ],
  "n_cv_splits":5,
  "test_storms":[
    "20170526-20170531_Bz_6RE_4regions",
    "20160603-20160609_Bz_6RE_4regions"
  ],
  "regions":[
    "dayside",
    "duskside",
    "dawnside",
    "nightside"
  ],
  "endogenous_columns":[
    "target_Bz_dayside_t0",
    "target_Bz_duskside_t0",
    "target_Bz_dawnside_t0",
    "target_Bz_nightside_t0"
  ],
  "exogenous_features":[
    "BZ_used",
    "SYMH"
  ],
  "forecast_results":{
    "1h":{
      "metrics":{
        "dayside":{
          "RMSE":11.1945303856,
          "MAE":9.3383833553,
          "R2":0.864379828
        },
        "duskside":{
          "RMSE":16.9490762163,
          "MAE":13.7409973319,
          "R2":0.7017635283
        },
        "dawnside":{
          "RMSE":11.5376655594,
          "MAE":9.3457153335,
          "R2":0.7985092246
        },
        "nightside":{
          "RMSE":12.1191887869,
          "MAE":8.8514025629,
          "R2":0.2418008434
        }
      },
      "storm_metrics":{
        "20170526-20170531_Bz_6RE_4regions":{
          "dayside":{
            "RMSE":11.7035303671,
            "MAE":10.3752839781,
            "R2":0.8623159755
          },
          "duskside":{
            "RMSE":14.5001613228,
            "MAE":11.651544979,
            "R2":0.7326089025
          },
          "dawnside":{
            "RMSE":11.6258995016,
            "MAE":9.8267617137,
            "R2":0.8049412142
          },
          "nightside":{
            "RMSE":9.841461585,
            "MAE":7.011257659,
            "R2":0.4811287404
          }
        },
        "20160603-20160609_Bz_6RE_4regions":{
          "dayside":{
            "RMSE":10.6612568704,
            "MAE":8.3014827325,
            "R2":0.8045952956
          },
          "duskside":{
            "RMSE":19.0863220863,
            "MAE":15.8304496848,
            "R2":0.6592335061
          },
          "dawnside":{
            "RMSE":11.4487516306,
            "MAE":8.8646689533,
            "R2":0.7602798164
          },
          "nightside":{
            "RMSE":14.0319317122,
            "MAE":10.6915474669,
            "R2":0.0178843644
          }
        }
      },
      "output_file":"VARX_results\/VARX_results_20260720_185130\/varx_4region_Bz_predictions_1h_20260720_185130.csv"
    },
    "2h":{
      "metrics":{
        "dayside":{
          "RMSE":15.3576698415,
          "MAE":13.0004687484,
          "R2":0.7469750228
        },
        "duskside":{
          "RMSE":23.1089577352,
          "MAE":19.3054673407,
          "R2":0.4250559343
        },
        "dawnside":{
          "RMSE":16.1946730095,
          "MAE":13.2057346178,
          "R2":0.5908169378
        },
        "nightside":{
          "RMSE":13.0078033398,
          "MAE":9.6920689122,
          "R2":0.1076061747
        }
      },
      "storm_metrics":{
        "20170526-20170531_Bz_6RE_4regions":{
          "dayside":{
            "RMSE":16.2240788342,
            "MAE":14.1163021625,
            "R2":0.7394975125
          },
          "duskside":{
            "RMSE":21.5341291672,
            "MAE":17.2356874829,
            "R2":0.3792535419
          },
          "dawnside":{
            "RMSE":17.6084181818,
            "MAE":14.7265006213,
            "R2":0.5410322243
          },
          "nightside":{
            "RMSE":12.446864738,
            "MAE":8.870904165,
            "R2":0.1451483835
          }
        },
        "20160603-20160609_Bz_6RE_4regions":{
          "dayside":{
            "RMSE":14.4393667416,
            "MAE":11.8846353344,
            "R2":0.6427623511
          },
          "duskside":{
            "RMSE":24.5831067245,
            "MAE":21.3752471984,
            "R2":0.418494744
          },
          "dawnside":{
            "RMSE":14.645083711,
            "MAE":11.6849686144,
            "R2":0.5913469985
          },
          "nightside":{
            "RMSE":13.5455326085,
            "MAE":10.5132336595,
            "R2":0.0716660271
          }
        }
      },
      "output_file":"VARX_results\/VARX_results_20260720_185130\/varx_4region_Bz_predictions_2h_20260720_185130.csv"
    }
  },
  "var_order_candidates":[
    1,
    2,
    3,
    4,
    5,
    6,
    7,
    8,
    9,
    10,
    11,
    12
  ],
  "var_order_selected":5,
  "var_order_cv_rmse":[
    {
      "VAR_ORDER":5,
      "cv_RMSE_mean":14.2161558414,
      "cv_RMSE_std":0.6948514902
    },
    {
      "VAR_ORDER":4,
      "cv_RMSE_mean":14.2227239589,
      "cv_RMSE_std":0.7061252874
    },
    {
      "VAR_ORDER":3,
      "cv_RMSE_mean":14.2528930179,
      "cv_RMSE_std":0.701526904
    },
    {
      "VAR_ORDER":6,
      "cv_RMSE_mean":14.2994746081,
      "cv_RMSE_std":0.7082312998
    },
    {
      "VAR_ORDER":7,
      "cv_RMSE_mean":14.3500883648,
      "cv_RMSE_std":0.7140191489
    },
    {
      "VAR_ORDER":8,
      "cv_RMSE_mean":14.3988027357,
      "cv_RMSE_std":0.7293066348
    },
    {
      "VAR_ORDER":2,
      "cv_RMSE_mean":14.417004859,
      "cv_RMSE_std":0.7269911119
    },
    {
      "VAR_ORDER":9,
      "cv_RMSE_mean":14.4589199794,
      "cv_RMSE_std":0.7344275851
    },
    {
      "VAR_ORDER":10,
      "cv_RMSE_mean":14.5093340922,
      "cv_RMSE_std":0.7270001269
    },
    {
      "VAR_ORDER":11,
      "cv_RMSE_mean":14.5571575175,
      "cv_RMSE_std":0.7685623524
    },
    {
      "VAR_ORDER":1,
      "cv_RMSE_mean":14.5980178598,
      "cv_RMSE_std":0.717956232
    },
    {
      "VAR_ORDER":12,
      "cv_RMSE_mean":14.607138984,
      "cv_RMSE_std":0.7481856166
    }
  ],
  "var_order_cv_rmse_by_fold":[
    {
      "VAR_ORDER":1,
      "fold":0,
      "val_RMSE_1h":13.7085704628,
      "val_RMSE_2h":17.8531751165,
      "val_RMSE_avg":15.7808727896
    },
    {
      "VAR_ORDER":1,
      "fold":1,
      "val_RMSE_1h":13.1469562673,
      "val_RMSE_2h":16.1175992691,
      "val_RMSE_avg":14.6322777682
    },
    {
      "VAR_ORDER":1,
      "fold":2,
      "val_RMSE_1h":12.9221727623,
      "val_RMSE_2h":15.3672057264,
      "val_RMSE_avg":14.1446892443
    },
    {
      "VAR_ORDER":1,
      "fold":3,
      "val_RMSE_1h":12.2705447352,
      "val_RMSE_2h":14.9956904406,
      "val_RMSE_avg":13.6331175879
    },
    {
      "VAR_ORDER":1,
      "fold":4,
      "val_RMSE_1h":13.1729577118,
      "val_RMSE_2h":16.4253061065,
      "val_RMSE_avg":14.7991319092
    },
    {
      "VAR_ORDER":2,
      "fold":0,
      "val_RMSE_1h":13.6978290439,
      "val_RMSE_2h":17.7976480399,
      "val_RMSE_avg":15.7477385419
    },
    {
      "VAR_ORDER":2,
      "fold":1,
      "val_RMSE_1h":13.0132393514,
      "val_RMSE_2h":15.7823345204,
      "val_RMSE_avg":14.3977869359
    },
    {
      "VAR_ORDER":2,
      "fold":2,
      "val_RMSE_1h":12.5913236018,
      "val_RMSE_2h":15.0604756531,
      "val_RMSE_avg":13.8258996275
    },
    {
      "VAR_ORDER":2,
      "fold":3,
      "val_RMSE_1h":12.3117893141,
      "val_RMSE_2h":15.077299198,
      "val_RMSE_avg":13.6945442561
    },
    {
      "VAR_ORDER":2,
      "fold":4,
      "val_RMSE_1h":12.8098301169,
      "val_RMSE_2h":16.0282797499,