{
  "trainval_storms":[
    "20180504-20180513_Bz_6RE_4regions",
    "20160822-20160828_Bz_6RE_4regions",
    "20180418-20180424_Bz_6RE_4regions",
    "20190509-20190512_Bz_6RE_4regions",
    "20171104-20171113_Bz_6RE_4regions",
    "20170926-20171005_Bz_6RE_4regions",
    "20160507-20160509_Bz_6RE_4regions",
    "20160405-20160410_Bz_6RE_4regions",
    "20160801-20160805_Bz_6RE_4regions",
    "20151218-20151225_Bz_6RE_4regions",
    "20150910-20150914_Bz_6RE_4regions",
    "20180824-20180831_Bz_6RE_4regions",
    "20170325-20170402_Bz_6RE_4regions",
    "20160401-20160404_Bz_6RE_4regions",
    "20161011-20161014_Bz_6RE_4regions",
    "20170905-20170910_Bz_6RE_4regions",
    "20181102-20181114_Bz_6RE_4regions",
    "20151006-20151008_Bz_6RE_4regions",
    "20160305-20160308_Bz_6RE_4regions",
    "20181005-20181011_Bz_6RE_4regions",
    "20150918-20150923_Bz_6RE_4regions"
  ],
  "n_cv_splits":5,
  "test_storms":[
    "20170526-20170531_Bz_6RE_4regions",
    "20160603-20160609_Bz_6RE_4regions"
  ],
  "regions":[
    "dayside",
    "duskside",
    "dawnside",
    "nightside"
  ],
  "endogenous_columns":[
    "target_Bz_dayside_t0",
    "target_Bz_duskside_t0",
    "target_Bz_dawnside_t0",
    "target_Bz_nightside_t0"
  ],
  "exogenous_features":[
    "BZ_used",
    "SYMH",
    "Pdyn",
    "Ey",
    "Es"
  ],
  "forecast_results":{
    "1h":{
      "metrics":{
        "dayside":{
          "RMSE":9.9480879128,
          "MAE":7.946035774,
          "R2":0.8928994352
        },
        "duskside":{
          "RMSE":16.54901804,
          "MAE":13.2204785262,
          "R2":0.7156762449
        },
        "dawnside":{
          "RMSE":11.5792437914,
          "MAE":9.2420924602,
          "R2":0.7970543852
        },
        "nightside":{
          "RMSE":12.7046780726,
          "MAE":9.693779097,
          "R2":0.1667726342
        }
      },
      "storm_metrics":{
        "20170526-20170531_Bz_6RE_4regions":{
          "dayside":{
            "RMSE":10.4132535676,
            "MAE":8.5726627543,
            "R2":0.8910009615
          },
          "duskside":{
            "RMSE":13.7994656396,
            "MAE":11.0407129044,
            "R2":0.7578269482
          },
          "dawnside":{
            "RMSE":11.7215969265,
            "MAE":9.7532575752,
            "R2":0.8017167841
          },
          "nightside":{
            "RMSE":11.3432182916,
            "MAE":8.8611546103,
            "R2":0.3106925185
          }
        },
        "20160603-20160609_Bz_6RE_4regions":{
          "dayside":{
            "RMSE":9.4600769752,
            "MAE":7.3194087936,
            "R2":0.8461464431
          },
          "duskside":{
            "RMSE":18.9027708085,
            "MAE":15.400244148,
            "R2":0.6657562259
          },
          "dawnside":{
            "RMSE":11.4351186725,
            "MAE":8.7309273453,
            "R2":0.7608503851
          },
          "nightside":{
            "RMSE":13.9337392198,
            "MAE":10.5264035837,
            "R2":0.0315815464
          }
        }
      },
      "output_file":"VARX_results\/VARX_results_20260720_184510\/varx_4region_Bz_predictions_1h_20260720_184510.csv"
    },
    "2h":{
      "metrics":{
        "dayside":{
          "RMSE":12.9159774982,
          "MAE":10.6770087128,
          "R2":0.8210353316
        },
        "duskside":{
          "RMSE":22.8842396021,
          "MAE":19.1064091607,
          "R2":0.4361834086
        },
        "dawnside":{
          "RMSE":16.572027886,
          "MAE":13.6712602369,
          "R2":0.5715258835
        },
        "nightside":{
          "RMSE":14.422000435,
          "MAE":11.5366598171,
          "R2":-0.0969823514
        }
      },
      "storm_metrics":{
        "20170526-20170531_Bz_6RE_4regions":{
          "dayside":{
            "RMSE":13.6207158926,
            "MAE":11.4514633809,
            "R2":0.8163919799
          },
          "duskside":{
            "RMSE":21.3831337924,
            "MAE":17.2562835214,
            "R2":0.3879282583
          },
          "dawnside":{
            "RMSE":18.4243737973,
            "MAE":15.797431304,
            "R2":0.4975105136
          },
          "nightside":{
            "RMSE":15.063340663,
            "MAE":12.5025707743,
            "R2":-0.2520261309
          }
        },
        "20160603-20160609_Bz_6RE_4regions":{
          "dayside":{
            "RMSE":12.1704990877,
            "MAE":9.9025540448,
            "R2":0.7462081307
          },
          "duskside":{
            "RMSE":24.2927650453,
            "MAE":20.9565347999,
            "R2":0.4321495022
          },
          "dawnside":{
            "RMSE":14.4847045771,
            "MAE":11.5450891698,
            "R2":0.6002483545
          },
          "nightside":{
            "RMSE":13.7507803838,
            "MAE":10.5707488598,
            "R2":0.0433198485
          }
        }
      },
      "output_file":"VARX_results\/VARX_results_20260720_184510\/varx_4region_Bz_predictions_2h_20260720_184510.csv"
    }
  },
  "var_order_candidates":[
    1,
    2,
    3,
    4,
    5,
    6,
    7,
    8,
    9,
    10,
    11,
    12
  ],
  "var_order_selected":5,
  "var_order_cv_rmse":[
    {
      "VAR_ORDER":5,
      "cv_RMSE_mean":14.0076139167,
      "cv_RMSE_std":0.7561663495
    },
    {
      "VAR_ORDER":4,
      "cv_RMSE_mean":14.013130256,
      "cv_RMSE_std":0.7723200231
    },
    {
      "VAR_ORDER":3,
      "cv_RMSE_mean":14.0251226882,
      "cv_RMSE_std":0.788396747
    },
    {
      "VAR_ORDER":6,
      "cv_RMSE_mean":14.0863305161,
      "cv_RMSE_std":0.7586921956
    },
    {
      "VAR_ORDER":7,
      "cv_RMSE_mean":14.1406338472,
      "cv_RMSE_std":0.764308783
    },
    {
      "VAR_ORDER":2,
      "cv_RMSE_mean":14.1994703395,
      "cv_RMSE_std":0.8419641445
    },
    {
      "VAR_ORDER":8,
      "cv_RMSE_mean":14.2048467263,
      "cv_RMSE_std":0.7629557525
    },
    {
      "VAR_ORDER":9,
      "cv_RMSE_mean":14.2512497064,
      "cv_RMSE_std":0.7842531478
    },
    {
      "VAR_ORDER":10,
      "cv_RMSE_mean":14.3000412198,
      "cv_RMSE_std":0.7911695802
    },
    {
      "VAR_ORDER":1,
      "cv_RMSE_mean":14.3436287496,
      "cv_RMSE_std":0.859002278
    },
    {
      "VAR_ORDER":11,
      "cv_RMSE_mean":14.3569011356,
      "cv_RMSE_std":0.8163982209
    },
    {
      "VAR_ORDER":12,
      "cv_RMSE_mean":14.4107731362,
      "cv_RMSE_std":0.8024756065
    }
  ],
  "var_order_cv_rmse_by_fold":[
    {
      "VAR_ORDER":1,
      "fold":0,
      "val_RMSE_1h":13.1895423252,
      "val_RMSE_2h":17.011871225,
      "val_RMSE_avg":15.1007067751
    },
    {
      "VAR_ORDER":1,
      "fold":1,
      "val_RMSE_1h":13.8686004879,
      "val_RMSE_2h":16.8468880493,
      "val_RMSE_avg":15.3577442686
    },
    {
      "VAR_ORDER":1,
      "fold":2,
      "val_RMSE_1h":12.4456742848,
      "val_RMSE_2h":14.5714200348,
      "val_RMSE_avg":13.5085471598
    },
    {
      "VAR_ORDER":1,
      "fold":3,
      "val_RMSE_1h":11.908973895,
      "val_RMSE_2h":14.4620897041,
      "val_RMSE_avg":13.1855317995
    },
    {
      "VAR_ORDER":1,
      "fold":4,
      "val_RMSE_1h":12.9666268421,
      "val_RMSE_2h":16.1646006479,
      "val_RMSE_avg":14.565613745
    },
    {
      "VAR_ORDER":2,
      "fold":0,
      "val_RMSE_1h":13.1470276826,
      "val_RMSE_2h":16.9580101801,
      "val_RMSE_avg":15.0525189314
    },
    {
      "VAR_ORDER":2,
      "fold":1,
      "val_RMSE_1h":13.8522160758,
      "val_RMSE_2h":16.6227860437,
      "val_RMSE_avg":15.2375010597
    },
    {
      "VAR_ORDER":2,
      "fold":2,
      "val_RMSE_1h":12.0927484069,
      "val_RMSE_2h":14.2691968395,
      "val_RMSE_avg":13.1809726232
    },
    {
      "VAR_ORDER":2,
      "fold":3,
      "val_RMSE_1h":12.0270051909,
      "val_RMSE_2h":14.6977536082,
      "val_RMSE_avg":13.3623793995
    },
    {
      "VAR_ORDER":2,
      "fold":4,
      "val_RMSE_1h":12.5814367237,