{
  "trainval_storms":[
    "20180504-20180513_nightside_6RE_peak_1h_2h_nolagg",
    "20160822-20160828_nightside_6RE_peak_1h_2h_nolagg",
    "20180418-20180424_nightside_6RE_peak_1h_2h_nolagg",
    "20190509-20190512_nightside_6RE_peak_1h_2h_nolagg",
    "20171104-20171113_nightside_6RE_peak_1h_2h_nolagg",
    "20170926-20171005_nightside_6RE_peak_1h_2h_nolagg",
    "20160507-20160509_nightside_6RE_peak_1h_2h_nolagg",
    "20160405-20160410_nightside_6RE_peak_1h_2h_nolagg",
    "20160801-20160805_nightside_6RE_peak_1h_2h_nolagg",
    "20151218-20151225_nightside_6RE_peak_1h_2h_nolagg",
    "20150910-20150914_nightside_6RE_peak_1h_2h_nolagg",
    "20180824-20180831_nightside_6RE_peak_1h_2h_nolagg",
    "20170325-20170402_nightside_6RE_peak_1h_2h_nolagg",
    "20160401-20160404_nightside_6RE_peak_1h_2h_nolagg",
    "20161011-20161014_nightside_6RE_peak_1h_2h_nolagg",
    "20170905-20170910_nightside_6RE_peak_1h_2h_nolagg",
    "20181102-20181114_nightside_6RE_peak_1h_2h_nolagg",
    "20151006-20151008_nightside_6RE_peak_1h_2h_nolagg",
    "20160305-20160308_nightside_6RE_peak_1h_2h_nolagg",
    "20181005-20181011_nightside_6RE_peak_1h_2h_nolagg",
    "20150918-20150923_nightside_6RE_peak_1h_2h_nolagg"
  ],
  "n_cv_splits":5,
  "test_storms":[
    "20170526-20170531_nightside_6RE_peak_1h_2h_nolagg",
    "20160603-20160609_nightside_6RE_peak_1h_2h_nolagg"
  ],
  "target_variable":"target_Bz_nightside_6RE_t0",
  "exogenous_features":[
    "BY_used",
    "BZ_used"
  ],
  "forecast_results":{
    "1h":{
      "metrics":{
        "RMSE":12.9991283075,
        "MAE":9.8827034078,
        "R2":0.1342439332
      },
      "storm_metrics":{
        "20170526-20170531_nightside_6RE_peak_1h_2h_nolagg":{
          "RMSE":10.6027172514,
          "MAE":8.0918837427,
          "R2":0.4046740767
        },
        "20160603-20160609_nightside_6RE_peak_1h_2h_nolagg":{
          "RMSE":15.0178913433,
          "MAE":11.6735230729,
          "R2":-0.1217850306
        }
      },
      "output_file":"AR_results_Nightside\/AR_results_20260721_193412\/ar_nightside_6RE_Bz_predictions_1h_20260721_193412.csv"
    },
    "2h":{
      "metrics":{
        "RMSE":14.5968307028,
        "MAE":11.5641399073,
        "R2":-0.1177234823
      },
      "storm_metrics":{
        "20170526-20170531_nightside_6RE_peak_1h_2h_nolagg":{
          "RMSE":13.6573950749,
          "MAE":10.6213938837,
          "R2":-0.0195723474
        },
        "20160603-20160609_nightside_6RE_peak_1h_2h_nolagg":{
          "RMSE":15.4793569924,
          "MAE":12.506885931,
          "R2":-0.2115361675
        }
      },
      "output_file":"AR_results_Nightside\/AR_results_20260721_193412\/ar_nightside_6RE_Bz_predictions_2h_20260721_193412.csv"
    }
  },
  "ar_order_candidates":[
    1,
    2,
    3,
    4,
    5,
    6,
    7,
    8,
    9,
    10,
    11,
    12
  ],
  "ar_order_selected":1,
  "ar_order_cv_rmse":[
    {
      "AR_ORDER":1,
      "cv_RMSE_mean":16.0117557595,
      "cv_RMSE_std":0.4922256351
    },
    {
      "AR_ORDER":3,
      "cv_RMSE_mean":16.1233427358,
      "cv_RMSE_std":0.5078885753
    },
    {
      "AR_ORDER":2,
      "cv_RMSE_mean":16.1536801431,
      "cv_RMSE_std":0.5236348294
    },
    {
      "AR_ORDER":4,
      "cv_RMSE_mean":16.1619815943,
      "cv_RMSE_std":0.5042264729
    },
    {
      "AR_ORDER":6,
      "cv_RMSE_mean":16.2222163459,
      "cv_RMSE_std":0.4994297616
    },
    {
      "AR_ORDER":7,
      "cv_RMSE_mean":16.2379343205,
      "cv_RMSE_std":0.5201895135
    },
    {
      "AR_ORDER":5,
      "cv_RMSE_mean":16.2509186409,
      "cv_RMSE_std":0.518695326
    },
    {
      "AR_ORDER":8,
      "cv_RMSE_mean":16.3222434589,
      "cv_RMSE_std":0.533849214
    },
    {
      "AR_ORDER":9,
      "cv_RMSE_mean":16.3684940714,
      "cv_RMSE_std":0.5733515645
    },
    {
      "AR_ORDER":10,
      "cv_RMSE_mean":16.4195784445,
      "cv_RMSE_std":0.6080916647
    },
    {
      "AR_ORDER":11,
      "cv_RMSE_mean":16.4821400606,
      "cv_RMSE_std":0.6145093362
    },
    {
      "AR_ORDER":12,
      "cv_RMSE_mean":16.5306540679,
      "cv_RMSE_std":0.6148151154
    }
  ],
  "ar_order_cv_rmse_by_fold":[
    {
      "AR_ORDER":1,
      "fold":0,
      "val_RMSE_1h":14.3062265791,
      "val_RMSE_2h":17.0343258527,
      "val_RMSE_avg":15.6702762159
    },
    {
      "AR_ORDER":1,
      "fold":1,
      "val_RMSE_1h":15.8727743452,
      "val_RMSE_2h":17.5393356366,
      "val_RMSE_avg":16.7060549909
    },
    {
      "AR_ORDER":1,
      "fold":2,
      "val_RMSE_1h":15.6506104821,
      "val_RMSE_2h":16.592574564,
      "val_RMSE_avg":16.121592523
    },
    {
      "AR_ORDER":1,
      "fold":3,
      "val_RMSE_1h":15.0518475895,
      "val_RMSE_2h":17.5026684538,
      "val_RMSE_avg":16.2772580216
    },
    {
      "AR_ORDER":1,
      "fold":4,
      "val_RMSE_1h":14.55805121,
      "val_RMSE_2h":16.0091428819,
      "val_RMSE_avg":15.2835970459
    },
    {
      "AR_ORDER":2,
      "fold":0,
      "val_RMSE_1h":14.425214581,
      "val_RMSE_2h":17.1514127238,
      "val_RMSE_avg":15.7883136524
    },
    {
      "AR_ORDER":2,
      "fold":1,
      "val_RMSE_1h":15.9129867233,
      "val_RMSE_2h":17.5778374719,
      "val_RMSE_avg":16.7454120976
    },
    {
      "AR_ORDER":2,
      "fold":2,
      "val_RMSE_1h":15.7108712484,
      "val_RMSE_2h":16.8033206818,
      "val_RMSE_avg":16.2570959651
    },
    {
      "AR_ORDER":2,
      "fold":3,
      "val_RMSE_1h":15.3151210602,
      "val_RMSE_2h":17.9448425264,
      "val_RMSE_avg":16.6299817933
    },
    {
      "AR_ORDER":2,
      "fold":4,
      "val_RMSE_1h":14.6002524948,
      "val_RMSE_2h":16.0949419191,
      "val_RMSE_avg":15.3475972069
    },
    {
      "AR_ORDER":3,
      "fold":0,
      "val_RMSE_1h":14.4666172411,
      "val_RMSE_2h":17.0968438748,
      "val_RMSE_avg":15.7817305579
    },
    {
      "AR_ORDER":3,
      "fold":1,
      "val_RMSE_1h":15.9910936561,
      "val_RMSE_2h":17.6477437509,
      "val_RMSE_avg":16.8194187035
    },
    {
      "AR_ORDER":3,
      "fold":2,
      "val_RMSE_1h":15.727359371,
      "val_RMSE_2h":16.5251858528,
      "val_RMSE_avg":16.1262726119
    },
    {
      "AR_ORDER":3,
      "fold":3,
      "val_RMSE_1h":15.2591559707,
      "val_RMSE_2h":17.7478654008,
      "val_RMSE_avg":16.5035106857
    },
    {
      "AR_ORDER":3,
      "fold":4,
      "val_RMSE_1h":14.6648025344,
      "val_RMSE_2h":16.1067597056,
      "val_RMSE_avg":15.38578112
    },
    {
      "AR_ORDER":4,
      "fold":0,
      "val_RMSE_1h":14.5416144347,
      "val_RMSE_2h":17.1051658295,
      "val_RMSE_avg":15.8233901321
    },
    {
      "AR_ORDER":4,
      "fold":1,
      "val_RMSE_1h":16.062633882,
      "val_RMSE_2h":17.7380463156,
      "val_RMSE_avg":16.9003400988
    },
    {
      "AR_ORDER":4,
      "fold":2,
      "val_RMSE_1h":15.7984940644,
      "val_RMSE_2h":16.4991885206,
      "val_RMSE_avg":16.1488412925
    },
    {
      "AR_ORDER":4,
      "fold":3,
      "val_RMSE_1h":15.279853276,
      "val_RMSE_2h":17.6933320361,
      "val_RMSE_avg":16.486592656
    },
    {
      "AR_ORDER":4,
      "fold":4,
      "val_RMSE_1h":14.7246462292,
      "val_RMSE_2h":16.1768413545,
      "val_RMSE_avg":15.4507437919
    },
    {
      "AR_ORDER":5,
      "fold":0,
      "val_RMSE_1h":14.5809718317,
      "val_RMSE_2h":17.1623133089,
      "val_RMSE_avg":15.8716425703
    },
    {
      "AR_ORDER":5,
      "fold":1,
      "val_RMSE_1h":16.1511054933,
      "val_RMSE_2h":17.8037932349,
      "val_RMSE_avg":16.9774493641
    },
    {
      "AR_ORDER":5,
      "fold":2,
      "val_RMSE_1h":15.8063795053,
      "val_RMSE_2h":16.556873446,
      "val_RMSE_avg":16.1816264756
    },
    {
      "AR_ORDER":5,
      "fold":3,
      "val_RMSE_1h":15.4381031117,
      "val_RMSE_2h":17.9083526377,
      "val_RMSE_avg":16.6732278747
    },
    {
      "AR_ORDER":5,
      "fold":4,
      "val_RMSE_1h":14.8411571599,
      "val_RMSE_2h":16.2601366798,