{
  "trainval_storms":[
    "20180504-20180513_Bz_6RE_4regions",
    "20160822-20160828_Bz_6RE_4regions",
    "20180418-20180424_Bz_6RE_4regions",
    "20190509-20190512_Bz_6RE_4regions",
    "20171104-20171113_Bz_6RE_4regions",
    "20170926-20171005_Bz_6RE_4regions",
    "20160507-20160509_Bz_6RE_4regions",
    "20160405-20160410_Bz_6RE_4regions",
    "20160801-20160805_Bz_6RE_4regions",
    "20151218-20151225_Bz_6RE_4regions",
    "20150910-20150914_Bz_6RE_4regions",
    "20180824-20180831_Bz_6RE_4regions",
    "20170325-20170402_Bz_6RE_4regions",
    "20160401-20160404_Bz_6RE_4regions",
    "20161011-20161014_Bz_6RE_4regions",
    "20170905-20170910_Bz_6RE_4regions",
    "20181102-20181114_Bz_6RE_4regions",
    "20151006-20151008_Bz_6RE_4regions",
    "20160305-20160308_Bz_6RE_4regions",
    "20181005-20181011_Bz_6RE_4regions",
    "20150918-20150923_Bz_6RE_4regions"
  ],
  "n_cv_splits":5,
  "test_storms":[
    "20170526-20170531_Bz_6RE_4regions",
    "20160603-20160609_Bz_6RE_4regions"
  ],
  "regions":[
    "dayside",
    "duskside",
    "dawnside",
    "nightside"
  ],
  "endogenous_columns":[
    "target_Bz_dayside_t0",
    "target_Bz_duskside_t0",
    "target_Bz_dawnside_t0",
    "target_Bz_nightside_t0"
  ],
  "exogenous_features":[
    "BZ_used",
    "Pdyn",
    "SYMH",
    "Es"
  ],
  "forecast_results":{
    "1h":{
      "metrics":{
        "dayside":{
          "RMSE":9.9928879517,
          "MAE":7.983075097,
          "R2":0.8919326337
        },
        "duskside":{
          "RMSE":16.5539459273,
          "MAE":13.2267177946,
          "R2":0.7155068905
        },
        "dawnside":{
          "RMSE":11.4884683351,
          "MAE":9.1470331125,
          "R2":0.800223896
        },
        "nightside":{
          "RMSE":12.4992639999,
          "MAE":9.4732543506,
          "R2":0.1934986894
        }
      },
      "storm_metrics":{
        "20170526-20170531_Bz_6RE_4regions":{
          "dayside":{
            "RMSE":10.487324192,
            "MAE":8.6508027073,
            "R2":0.8894448021
          },
          "duskside":{
            "RMSE":13.8012032578,
            "MAE":11.0421860596,
            "R2":0.7577659559
          },
          "dawnside":{
            "RMSE":11.5181554901,
            "MAE":9.5624572065,
            "R2":0.8085399087
          },
          "nightside":{
            "RMSE":10.8842768871,
            "MAE":8.4488895256,
            "R2":0.3653422683
          }
        },
        "20160603-20160609_Bz_6RE_4regions":{
          "dayside":{
            "RMSE":9.4726791629,
            "MAE":7.3153474866,
            "R2":0.8457362598
          },
          "duskside":{
            "RMSE":18.9101306226,
            "MAE":15.4112495297,
            "R2":0.6654958989
          },
          "dawnside":{
            "RMSE":11.458704267,
            "MAE":8.7316090185,
            "R2":0.7598628478
          },
          "nightside":{
            "RMSE":13.9282345515,
            "MAE":10.4976191757,
            "R2":0.0323465628
          }
        }
      },
      "output_file":"VARX_results\/VARX_results_20260720_194529\/varx_4region_Bz_predictions_1h_20260720_194529.csv"
    },
    "2h":{
      "metrics":{
        "dayside":{
          "RMSE":12.9569214573,
          "MAE":10.684828483,
          "R2":0.8198988886
        },
        "duskside":{
          "RMSE":22.8479259916,
          "MAE":19.0735260833,
          "R2":0.4379713615
        },
        "dawnside":{
          "RMSE":16.3437965086,
          "MAE":13.4226603733,
          "R2":0.5832465786
        },
        "nightside":{
          "RMSE":14.0375462989,
          "MAE":11.2262597139,
          "R2":-0.0392763279
        }
      },
      "storm_metrics":{
        "20170526-20170531_Bz_6RE_4regions":{
          "dayside":{
            "RMSE":13.6994300497,
            "MAE":11.4716242738,
            "R2":0.8142637054
          },
          "duskside":{
            "RMSE":21.3148959059,
            "MAE":17.1926656772,
            "R2":0.3918285135
          },
          "dawnside":{
            "RMSE":18.0033169375,
            "MAE":15.3401650291,
            "R2":0.5202151157
          },
          "nightside":{
            "RMSE":14.361195925,
            "MAE":11.9371103882,
            "R2":-0.1380255474
          }
        },
        "20160603-20160609_Bz_6RE_4regions":{
          "dayside":{
            "RMSE":12.1691923977,
            "MAE":9.8980326921,
            "R2":0.7462626246
          },
          "duskside":{
            "RMSE":24.2843706272,
            "MAE":20.9543864893,
            "R2":0.4325418783
          },
          "dawnside":{
            "RMSE":14.4955147502,
            "MAE":11.5051557176,
            "R2":0.5996514494
          },
          "nightside":{
            "RMSE":13.7062563741,
            "MAE":10.5154090397,
            "R2":0.0495051377
          }
        }
      },
      "output_file":"VARX_results\/VARX_results_20260720_194529\/varx_4region_Bz_predictions_2h_20260720_194529.csv"
    }
  },
  "var_order_candidates":[
    1,
    2,
    3,
    4,
    5,
    6,
    7,
    8,
    9,
    10,
    11,
    12
  ],
  "var_order_selected":5,
  "var_order_cv_rmse":[
    {
      "VAR_ORDER":5,
      "cv_RMSE_mean":13.9244711866,
      "cv_RMSE_std":0.7832784988
    },
    {
      "VAR_ORDER":4,
      "cv_RMSE_mean":13.9297484067,
      "cv_RMSE_std":0.8074460917
    },
    {
      "VAR_ORDER":3,
      "cv_RMSE_mean":13.9429309535,
      "cv_RMSE_std":0.8254267603
    },
    {
      "VAR_ORDER":6,
      "cv_RMSE_mean":14.0043597763,
      "cv_RMSE_std":0.7863714555
    },
    {
      "VAR_ORDER":7,
      "cv_RMSE_mean":14.0579911144,
      "cv_RMSE_std":0.7931381331
    },
    {
      "VAR_ORDER":2,
      "cv_RMSE_mean":14.1228244325,
      "cv_RMSE_std":0.879280081
    },
    {
      "VAR_ORDER":8,
      "cv_RMSE_mean":14.1231837094,
      "cv_RMSE_std":0.7961874288
    },
    {
      "VAR_ORDER":9,
      "cv_RMSE_mean":14.1739820444,
      "cv_RMSE_std":0.8160609693
    },
    {
      "VAR_ORDER":10,
      "cv_RMSE_mean":14.2255880865,
      "cv_RMSE_std":0.8172044277
    },
    {
      "VAR_ORDER":11,
      "cv_RMSE_mean":14.2772719447,
      "cv_RMSE_std":0.8483771845
    },
    {
      "VAR_ORDER":1,
      "cv_RMSE_mean":14.2795482075,
      "cv_RMSE_std":0.8885241085
    },
    {
      "VAR_ORDER":12,
      "cv_RMSE_mean":14.3318194577,
      "cv_RMSE_std":0.8336733338
    }
  ],
  "var_order_cv_rmse_by_fold":[
    {
      "VAR_ORDER":1,
      "fold":0,
      "val_RMSE_1h":13.1719714102,
      "val_RMSE_2h":17.0002733969,
      "val_RMSE_avg":15.0861224035
    },
    {
      "VAR_ORDER":1,
      "fold":1,
      "val_RMSE_1h":13.8068564875,
      "val_RMSE_2h":16.7559761233,
      "val_RMSE_avg":15.2814163054
    },
    {
      "VAR_ORDER":1,
      "fold":2,
      "val_RMSE_1h":12.4424794924,
      "val_RMSE_2h":14.5682672659,
      "val_RMSE_avg":13.5053733791
    },
    {
      "VAR_ORDER":1,
      "fold":3,
      "val_RMSE_1h":11.7949239984,
      "val_RMSE_2h":14.2074906991,
      "val_RMSE_avg":13.0012073487
    },
    {
      "VAR_ORDER":1,
      "fold":4,
      "val_RMSE_1h":12.9349138202,
      "val_RMSE_2h":16.1123293814,
      "val_RMSE_avg":14.5236216008
    },
    {
      "VAR_ORDER":2,
      "fold":0,
      "val_RMSE_1h":13.1247666562,
      "val_RMSE_2h":16.9426847571,
      "val_RMSE_avg":15.0337257066
    },
    {
      "VAR_ORDER":2,
      "fold":1,
      "val_RMSE_1h":13.8039091824,
      "val_RMSE_2h":16.5507050232,
      "val_RMSE_avg":15.1773071028
    },
    {
      "VAR_ORDER":2,
      "fold":2,
      "val_RMSE_1h":12.0882829672,
      "val_RMSE_2h":14.252554031,
      "val_RMSE_avg":13.1704184991
    },
    {
      "VAR_ORDER":2,
      "fold":3,
      "val_RMSE_1h":11.8755598226,
      "val_RMSE_2h":14.3532652431,
      "val_RMSE_avg":13.1144125329
    },
    {
      "VAR_ORDER":2,
      "fold":4,
      "val_RMSE_1h":12.5502180001,
      "val_RMSE_2h":15.6862986418,