{
  "train_storms":[
    "20180504-20180513_dayside_6RE_peak_1h_2h_nolagg",
    "20160822-20160828_dayside_6RE_peak_1h_2h_nolagg",
    "20180418-20180424_dayside_6RE_peak_1h_2h_nolagg",
    "20190509-20190512_dayside_6RE_peak_1h_2h_nolagg",
    "20171104-20171113_dayside_6RE_peak_1h_2h_nolagg",
    "20170926-20171005_dayside_6RE_peak_1h_2h_nolagg",
    "20160507-20160509_dayside_6RE_peak_1h_2h_nolagg",
    "20160405-20160410_dayside_6RE_peak_1h_2h_nolagg",
    "20160801-20160805_dayside_6RE_peak_1h_2h_nolagg",
    "20151218-20151225_dayside_6RE_peak_1h_2h_nolagg",
    "20150910-20150914_dayside_6RE_peak_1h_2h_nolagg",
    "20180824-20180831_dayside_6RE_peak_1h_2h_nolagg",
    "20170325-20170402_dayside_6RE_peak_1h_2h_nolagg",
    "20160401-20160404_dayside_6RE_peak_1h_2h_nolagg",
    "20161011-20161014_dayside_6RE_peak_1h_2h_nolagg",
    "20170905-20170910_dayside_6RE_peak_1h_2h_nolagg",
    "20181102-20181114_dayside_6RE_peak_1h_2h_nolagg",
    "20151006-20151008_dayside_6RE_peak_1h_2h_nolagg"
  ],
  "validation_storms":[
    "20160305-20160308_dayside_6RE_peak_1h_2h_nolagg",
    "20181005-20181011_dayside_6RE_peak_1h_2h_nolagg"
  ],
  "test_storms":[
    "20150918-20150923_dayside_6RE_peak_1h_2h_nolagg",
    "20170526-20170531_dayside_6RE_peak_1h_2h_nolagg",
    "20160603-20160609_dayside_6RE_peak_1h_2h_nolagg"
  ],
  "target_variable":"target_Bz_dayside_6RE_t0",
  "exogenous_features":[
    "Pdyn",
    "SYMH",
    "Es"
  ],
  "forecast_results":{
    "1h":{
      "metrics":{
        "RMSE":14.7030562222,
        "MAE":11.1044830585,
        "R2":0.6750595256
      },
      "storm_metrics":{
        "20150918-20150923_dayside_6RE_peak_1h_2h_nolagg":{
          "RMSE":5.6235731008,
          "MAE":4.3208958753,
          "R2":0.7797675051
        },
        "20170526-20170531_dayside_6RE_peak_1h_2h_nolagg":{
          "RMSE":15.5110646824,
          "MAE":13.0233217079,
          "R2":0.6998132557
        },
        "20160603-20160609_dayside_6RE_peak_1h_2h_nolagg":{
          "RMSE":19.399017625,
          "MAE":15.9692315924,
          "R2":0.3468540973
        }
      },
      "output_file":"AR_results\/AR_results_20260713_194044\/ar_dayside_6RE_Bz_predictions_1h_20260713_194044.csv"
    },
    "2h":{
      "metrics":{
        "RMSE":17.3246023132,
        "MAE":12.7169844713,
        "R2":0.5289556078
      },
      "storm_metrics":{
        "20150918-20150923_dayside_6RE_peak_1h_2h_nolagg":{
          "RMSE":5.430035359,
          "MAE":3.9987880567,
          "R2":0.7939018174
        },
        "20170526-20170531_dayside_6RE_peak_1h_2h_nolagg":{
          "RMSE":18.2577326696,
          "MAE":15.2554404326,
          "R2":0.5747190805
        },
        "20160603-20160609_dayside_6RE_peak_1h_2h_nolagg":{
          "RMSE":23.1861046685,
          "MAE":18.8967249248,
          "R2":-0.1497214495
        }
      },
      "output_file":"AR_results\/AR_results_20260713_194044\/ar_dayside_6RE_Bz_predictions_2h_20260713_194044.csv"
    }
  },
  "ar_order_candidates":[
    1,
    2
  ],
  "ar_order_selected":2,
  "ar_order_validation_rmse":[
    {
      "AR_ORDER":2,
      "val_RMSE_1h":9.4525509067,
      "val_RMSE_2h":9.618215959,
      "val_RMSE_avg":9.5353834329
    },
    {
      "AR_ORDER":1,
      "val_RMSE_1h":9.501151013,
      "val_RMSE_2h":9.9539890586,
      "val_RMSE_avg":9.7275700358
    }
  ],
  "model":"AutoReg(lags=2)"
}