{
  "trainval_storms":[
    "20180504-20180513_dayside_6RE_peak_1h_2h_nolagg",
    "20160822-20160828_dayside_6RE_peak_1h_2h_nolagg",
    "20180418-20180424_dayside_6RE_peak_1h_2h_nolagg",
    "20190509-20190512_dayside_6RE_peak_1h_2h_nolagg",
    "20171104-20171113_dayside_6RE_peak_1h_2h_nolagg",
    "20170926-20171005_dayside_6RE_peak_1h_2h_nolagg",
    "20160507-20160509_dayside_6RE_peak_1h_2h_nolagg",
    "20160405-20160410_dayside_6RE_peak_1h_2h_nolagg",
    "20160801-20160805_dayside_6RE_peak_1h_2h_nolagg",
    "20151218-20151225_dayside_6RE_peak_1h_2h_nolagg",
    "20150910-20150914_dayside_6RE_peak_1h_2h_nolagg",
    "20180824-20180831_dayside_6RE_peak_1h_2h_nolagg",
    "20170325-20170402_dayside_6RE_peak_1h_2h_nolagg",
    "20160401-20160404_dayside_6RE_peak_1h_2h_nolagg",
    "20161011-20161014_dayside_6RE_peak_1h_2h_nolagg",
    "20170905-20170910_dayside_6RE_peak_1h_2h_nolagg",
    "20181102-20181114_dayside_6RE_peak_1h_2h_nolagg",
    "20151006-20151008_dayside_6RE_peak_1h_2h_nolagg",
    "20160305-20160308_dayside_6RE_peak_1h_2h_nolagg",
    "20181005-20181011_dayside_6RE_peak_1h_2h_nolagg",
    "20150918-20150923_dayside_6RE_peak_1h_2h_nolagg"
  ],
  "n_cv_splits":5,
  "test_storms":[
    "20170526-20170531_dayside_6RE_peak_1h_2h_nolagg",
    "20160603-20160609_dayside_6RE_peak_1h_2h_nolagg"
  ],
  "target_variable":"target_Bz_dayside_6RE_t0",
  "exogenous_features":[
    "Bmag",
    "Pdyn",
    "SYMH",
    "Ey",
    "Es"
  ],
  "forecast_results":{
    "1h":{
      "metrics":{
        "RMSE":11.9428766978,
        "MAE":9.6050608423,
        "R2":0.846032314
      },
      "storm_metrics":{
        "20170526-20170531_dayside_6RE_peak_1h_2h_nolagg":{
          "RMSE":11.5733931254,
          "MAE":9.7217244025,
          "R2":0.8657919065
        },
        "20160603-20160609_dayside_6RE_peak_1h_2h_nolagg":{
          "RMSE":12.301267382,
          "MAE":9.4883972821,
          "R2":0.7385777714
        }
      },
      "output_file":"AR_results\/AR_results_20260721_153104\/ar_dayside_6RE_Bz_predictions_1h_20260721_153104.csv"
    },
    "2h":{
      "metrics":{
        "RMSE":15.690695055,
        "MAE":12.9247807265,
        "R2":0.7373550003
      },
      "storm_metrics":{
        "20170526-20170531_dayside_6RE_peak_1h_2h_nolagg":{
          "RMSE":15.0689635287,
          "MAE":12.8379095241,
          "R2":0.7759480961
        },
        "20160603-20160609_dayside_6RE_peak_1h_2h_nolagg":{
          "RMSE":16.2887126806,
          "MAE":13.011651929,
          "R2":0.5459154418
        }
      },
      "output_file":"AR_results\/AR_results_20260721_153104\/ar_dayside_6RE_Bz_predictions_2h_20260721_153104.csv"
    }
  },
  "ar_order_candidates":[
    1,
    2,
    3,
    4,
    5,
    6,
    7,
    8,
    9,
    10,
    11,
    12
  ],
  "ar_order_selected":1,
  "ar_order_cv_rmse":[
    {
      "AR_ORDER":1,
      "cv_RMSE_mean":12.1436596793,
      "cv_RMSE_std":2.5293048875
    },
    {
      "AR_ORDER":3,
      "cv_RMSE_mean":12.1576878129,
      "cv_RMSE_std":2.4644342649
    },
    {
      "AR_ORDER":4,
      "cv_RMSE_mean":12.2115285385,
      "cv_RMSE_std":2.4732890137
    },
    {
      "AR_ORDER":2,
      "cv_RMSE_mean":12.247459947,
      "cv_RMSE_std":2.5749890362
    },
    {
      "AR_ORDER":5,
      "cv_RMSE_mean":12.2567165699,
      "cv_RMSE_std":2.4908624008
    },
    {
      "AR_ORDER":12,
      "cv_RMSE_mean":12.3204521185,
      "cv_RMSE_std":2.6872184184
    },
    {
      "AR_ORDER":6,
      "cv_RMSE_mean":12.358056935,
      "cv_RMSE_std":2.5463396295
    },
    {
      "AR_ORDER":11,
      "cv_RMSE_mean":12.3766087132,
      "cv_RMSE_std":2.6354644259
    },
    {
      "AR_ORDER":7,
      "cv_RMSE_mean":12.4225634864,
      "cv_RMSE_std":2.5456918473
    },
    {
      "AR_ORDER":10,
      "cv_RMSE_mean":12.4298605577,
      "cv_RMSE_std":2.5821433501
    },
    {
      "AR_ORDER":9,
      "cv_RMSE_mean":12.4654128624,
      "cv_RMSE_std":2.5815561148
    },
    {
      "AR_ORDER":8,
      "cv_RMSE_mean":12.4691360744,
      "cv_RMSE_std":2.5582839721
    }
  ],
  "ar_order_cv_rmse_by_fold":[
    {
      "AR_ORDER":1,
      "fold":0,
      "val_RMSE_1h":10.8203806358,
      "val_RMSE_2h":13.611643931,
      "val_RMSE_avg":12.2160122834
    },
    {
      "AR_ORDER":1,
      "fold":1,
      "val_RMSE_1h":14.6922100594,
      "val_RMSE_2h":19.1830159896,
      "val_RMSE_avg":16.9376130245
    },
    {
      "AR_ORDER":1,
      "fold":2,
      "val_RMSE_1h":9.1047749939,
      "val_RMSE_2h":10.3812498406,
      "val_RMSE_avg":9.7430124173
    },
    {
      "AR_ORDER":1,
      "fold":3,
      "val_RMSE_1h":9.5906212503,
      "val_RMSE_2h":11.6035860986,
      "val_RMSE_avg":10.5971036744
    },
    {
      "AR_ORDER":1,
      "fold":4,
      "val_RMSE_1h":9.9655633423,
      "val_RMSE_2h":12.4835506518,
      "val_RMSE_avg":11.2245569971
    },
    {
      "AR_ORDER":2,
      "fold":0,
      "val_RMSE_1h":10.946849943,
      "val_RMSE_2h":13.7705682594,
      "val_RMSE_avg":12.3587091012
    },
    {
      "AR_ORDER":2,
      "fold":1,
      "val_RMSE_1h":14.8594732341,
      "val_RMSE_2h":19.3852171075,
      "val_RMSE_avg":17.1223451708
    },
    {
      "AR_ORDER":2,
      "fold":2,
      "val_RMSE_1h":9.158790243,
      "val_RMSE_2h":10.4458383235,
      "val_RMSE_avg":9.8023142832
    },
    {
      "AR_ORDER":2,
      "fold":3,
      "val_RMSE_1h":9.6631442762,
      "val_RMSE_2h":11.7095619507,
      "val_RMSE_avg":10.6863531134
    },
    {
      "AR_ORDER":2,
      "fold":4,
      "val_RMSE_1h":10.013088342,
      "val_RMSE_2h":12.5220677907,
      "val_RMSE_avg":11.2675780664
    },
    {
      "AR_ORDER":3,
      "fold":0,
      "val_RMSE_1h":10.8663403006,
      "val_RMSE_2h":13.6489944935,
      "val_RMSE_avg":12.2576673971
    },
    {
      "AR_ORDER":3,
      "fold":1,
      "val_RMSE_1h":14.5850346804,
      "val_RMSE_2h":19.0537985949,
      "val_RMSE_avg":16.8194166376
    },
    {
      "AR_ORDER":3,
      "fold":2,
      "val_RMSE_1h":9.1944021508,
      "val_RMSE_2h":10.4945026626,
      "val_RMSE_avg":9.8444524067
    },
    {
      "AR_ORDER":3,
      "fold":3,
      "val_RMSE_1h":9.5516460897,
      "val_RMSE_2h":11.5710769702,
      "val_RMSE_avg":10.5613615299
    },
    {
      "AR_ORDER":3,
      "fold":4,
      "val_RMSE_1h":10.0525789532,
      "val_RMSE_2h":12.5585032334,
      "val_RMSE_avg":11.3055410933
    },
    {
      "AR_ORDER":4,
      "fold":0,
      "val_RMSE_1h":10.9213858518,
      "val_RMSE_2h":13.6952180618,
      "val_RMSE_avg":12.3083019568
    },
    {
      "AR_ORDER":4,
      "fold":1,
      "val_RMSE_1h":14.6500885702,
      "val_RMSE_2h":19.1322259253,
      "val_RMSE_avg":16.8911572478
    },
    {
      "AR_ORDER":4,
      "fold":2,
      "val_RMSE_1h":9.2520802101,
      "val_RMSE_2h":10.535146675,
      "val_RMSE_avg":9.8936134426
    },
    {
      "AR_ORDER":4,
      "fold":3,
      "val_RMSE_1h":9.6005867298,
      "val_RMSE_2h":11.612061591,
      "val_RMSE_avg":10.6063241604
    },
    {
      "AR_ORDER":4,
      "fold":4,
      "val_RMSE_1h":10.1074267627,
      "val_RMSE_2h":12.6090650071,
      "val_RMSE_avg":11.3582458849
    },
    {
      "AR_ORDER":5,
      "fold":0,
      "val_RMSE_1h":10.9857401226,
      "val_RMSE_2h":13.6647828025,
      "val_RMSE_avg":12.3252614626
    },
    {
      "AR_ORDER":5,
      "fold":1,
      "val_RMSE_1h":14.7315364857,
      "val_RMSE_2h":19.2249765713,
      "val_RMSE_avg":16.9782565285
    },
    {
      "AR_ORDER":5,
      "fold":2,
      "val_RMSE_1h":9.3183681429,
      "val_RMSE_2h":10.5773114541,
      "val_RMSE_avg":9.9478397985
    },
    {
      "AR_ORDER":5,
      "fold":3,
      "val_RMSE_1h":9.6250247453,
      "val_RMSE_2h":11.6131841893,
      "val_RMSE_avg":10.6191044673
    },
    {
      "AR_ORDER":5,
      "fold":4,
      "val_RMSE_1h":10.1918853005,
      "val_RMSE_2h":12.6343558853,
      "val_RMSE_avg":11.4131205929
    },
    {
      "AR_ORDER":6,
      "fold":0,