{
  "train_storms":[
    "20180504-20180513_dayside_6RE_peak_1h_2h_nolagg",
    "20160822-20160828_dayside_6RE_peak_1h_2h_nolagg",
    "20180418-20180424_dayside_6RE_peak_1h_2h_nolagg",
    "20190509-20190512_dayside_6RE_peak_1h_2h_nolagg",
    "20171104-20171113_dayside_6RE_peak_1h_2h_nolagg",
    "20170926-20171005_dayside_6RE_peak_1h_2h_nolagg",
    "20160507-20160509_dayside_6RE_peak_1h_2h_nolagg",
    "20160405-20160410_dayside_6RE_peak_1h_2h_nolagg",
    "20160801-20160805_dayside_6RE_peak_1h_2h_nolagg",
    "20151218-20151225_dayside_6RE_peak_1h_2h_nolagg",
    "20150910-20150914_dayside_6RE_peak_1h_2h_nolagg",
    "20180824-20180831_dayside_6RE_peak_1h_2h_nolagg",
    "20170325-20170402_dayside_6RE_peak_1h_2h_nolagg",
    "20160401-20160404_dayside_6RE_peak_1h_2h_nolagg",
    "20161011-20161014_dayside_6RE_peak_1h_2h_nolagg",
    "20170905-20170910_dayside_6RE_peak_1h_2h_nolagg",
    "20181102-20181114_dayside_6RE_peak_1h_2h_nolagg",
    "20151006-20151008_dayside_6RE_peak_1h_2h_nolagg"
  ],
  "validation_storms":[
    "20160305-20160308_dayside_6RE_peak_1h_2h_nolagg",
    "20181005-20181011_dayside_6RE_peak_1h_2h_nolagg"
  ],
  "test_storms":[
    "20150918-20150923_dayside_6RE_peak_1h_2h_nolagg",
    "20170526-20170531_dayside_6RE_peak_1h_2h_nolagg",
    "20160603-20160609_dayside_6RE_peak_1h_2h_nolagg"
  ],
  "target_variable":"target_Bz_dayside_6RE_t0",
  "exogenous_features":[
    "Bmag",
    "Pdyn",
    "SYMH",
    "Ey",
    "Es"
  ],
  "forecast_results":{
    "1h":{
      "metrics":{
        "RMSE":8.8427037502,
        "MAE":6.8956758789,
        "R2":0.8820636775
      },
      "storm_metrics":{
        "20150918-20150923_dayside_6RE_peak_1h_2h_nolagg":{
          "RMSE":5.6482080564,
          "MAE":4.1757462456,
          "R2":0.7807827679
        },
        "20170526-20170531_dayside_6RE_peak_1h_2h_nolagg":{
          "RMSE":8.8418516061,
          "MAE":7.2490831723,
          "R2":0.9020779316
        },
        "20160603-20160609_dayside_6RE_peak_1h_2h_nolagg":{
          "RMSE":11.1579404359,
          "MAE":9.2621982188,
          "R2":0.7891727127
        }
      },
      "output_file":"AR_results\/AR_results_20260715_121625\/ar_dayside_6RE_Bz_predictions_1h_20260715_121625.csv"
    },
    "2h":{
      "metrics":{
        "RMSE":11.5531277104,
        "MAE":9.1176002586,
        "R2":0.798986806
      },
      "storm_metrics":{
        "20150918-20150923_dayside_6RE_peak_1h_2h_nolagg":{
          "RMSE":6.2269825252,
          "MAE":4.6621447619,
          "R2":0.7308436862
        },
        "20170526-20170531_dayside_6RE_peak_1h_2h_nolagg":{
          "RMSE":11.5481024981,
          "MAE":9.8106672712,
          "R2":0.832710573
        },
        "20160603-20160609_dayside_6RE_peak_1h_2h_nolagg":{
          "RMSE":15.1092785069,
          "MAE":12.8799887426,
          "R2":0.6099271579
        }
      },
      "output_file":"AR_results\/AR_results_20260715_121625\/ar_dayside_6RE_Bz_predictions_2h_20260715_121625.csv"
    }
  },
  "ar_order_candidates":[
    1,
    2,
    3,
    4,
    5,
    6,
    7,
    8,
    9
  ],
  "ar_order_selected":1,
  "ar_order_validation_rmse":[
    {
      "AR_ORDER":1,
      "val_RMSE_1h":7.6531039199,
      "val_RMSE_2h":8.5970514532,
      "val_RMSE_avg":8.1250776865
    },
    {
      "AR_ORDER":2,
      "val_RMSE_1h":7.7322501324,
      "val_RMSE_2h":8.701328847,
      "val_RMSE_avg":8.2167894897
    },
    {
      "AR_ORDER":3,
      "val_RMSE_1h":7.7832689546,
      "val_RMSE_2h":8.7594566012,
      "val_RMSE_avg":8.2713627779
    },
    {
      "AR_ORDER":4,
      "val_RMSE_1h":7.8863001018,
      "val_RMSE_2h":8.8516169754,
      "val_RMSE_avg":8.3689585386
    },
    {
      "AR_ORDER":9,
      "val_RMSE_1h":8.0352404307,
      "val_RMSE_2h":8.7188246496,
      "val_RMSE_avg":8.3770325402
    },
    {
      "AR_ORDER":5,
      "val_RMSE_1h":7.927422755,
      "val_RMSE_2h":8.8924886293,
      "val_RMSE_avg":8.4099556921
    },
    {
      "AR_ORDER":7,
      "val_RMSE_1h":8.0513103708,
      "val_RMSE_2h":8.8764019086,
      "val_RMSE_avg":8.4638561397
    },
    {
      "AR_ORDER":8,
      "val_RMSE_1h":8.1041687381,
      "val_RMSE_2h":8.8357593782,
      "val_RMSE_avg":8.4699640582
    },
    {
      "AR_ORDER":6,
      "val_RMSE_1h":8.0036613235,
      "val_RMSE_2h":8.9670515688,
      "val_RMSE_avg":8.4853564462
    }
  ],
  "model":"AutoReg(lags=1)"
}