{
  "trainval_storms":[
    "20180504-20180513_Bz_6RE_4regions",
    "20160822-20160828_Bz_6RE_4regions",
    "20180418-20180424_Bz_6RE_4regions",
    "20190509-20190512_Bz_6RE_4regions",
    "20171104-20171113_Bz_6RE_4regions",
    "20170926-20171005_Bz_6RE_4regions",
    "20160507-20160509_Bz_6RE_4regions",
    "20160405-20160410_Bz_6RE_4regions",
    "20160801-20160805_Bz_6RE_4regions",
    "20151218-20151225_Bz_6RE_4regions",
    "20150910-20150914_Bz_6RE_4regions",
    "20180824-20180831_Bz_6RE_4regions",
    "20170325-20170402_Bz_6RE_4regions",
    "20160401-20160404_Bz_6RE_4regions",
    "20161011-20161014_Bz_6RE_4regions",
    "20170905-20170910_Bz_6RE_4regions",
    "20181102-20181114_Bz_6RE_4regions",
    "20151006-20151008_Bz_6RE_4regions",
    "20160305-20160308_Bz_6RE_4regions",
    "20181005-20181011_Bz_6RE_4regions",
    "20150918-20150923_Bz_6RE_4regions"
  ],
  "n_cv_splits":5,
  "test_storms":[
    "20170526-20170531_Bz_6RE_4regions",
    "20160603-20160609_Bz_6RE_4regions"
  ],
  "regions":[
    "dayside",
    "dawnside"
  ],
  "endogenous_columns":[
    "target_Bz_dayside_t0",
    "target_Bz_dawnside_t0"
  ],
  "exogenous_features":[
    "SYMH",
    "Es",
    "Ey"
  ],
  "forecast_results":{
    "1h":{
      "metrics":{
        "dayside":{
          "RMSE":11.5392571965,
          "MAE":9.4468823511,
          "R2":0.8549293823
        },
        "dawnside":{
          "RMSE":11.0706903822,
          "MAE":8.470025061,
          "R2":0.819173252
        }
      },
      "storm_metrics":{
        "20170526-20170531_Bz_6RE_4regions":{
          "dayside":{
            "RMSE":11.7017002819,
            "MAE":10.2429473279,
            "R2":0.8602308173
          },
          "dawnside":{
            "RMSE":10.0065746046,
            "MAE":7.9110509,
            "R2":0.8592894458
          }
        },
        "20160603-20160609_Bz_6RE_4regions":{
          "dayside":{
            "RMSE":11.3744944418,
            "MAE":8.6508173743,
            "R2":0.7776658657
          },
          "dawnside":{
            "RMSE":12.0411310001,
            "MAE":9.028999222,
            "R2":0.7426331852
          }
        }
      },
      "output_file":"VARX_results\/VARX_results_20260721_125407\/varx_4region_Bz_predictions_1h_20260721_125407.csv"
    },
    "2h":{
      "metrics":{
        "dayside":{
          "RMSE":15.208355182,
          "MAE":12.7078751536,
          "R2":0.7496906773
        },
        "dawnside":{
          "RMSE":14.9768496794,
          "MAE":11.5668613804,
          "R2":0.6604840217
        }
      },
      "storm_metrics":{
        "20170526-20170531_Bz_6RE_4regions":{
          "dayside":{
            "RMSE":15.4268266961,
            "MAE":13.3485292475,
            "R2":0.7607769734
          },
          "dawnside":{
            "RMSE":14.1909531804,
            "MAE":11.1729192408,
            "R2":0.7093732923
          }
        },
        "20160603-20160609_Bz_6RE_4regions":{
          "dayside":{
            "RMSE":14.9866991954,
            "MAE":12.0672210597,
            "R2":0.6138729904
          },
          "dawnside":{
            "RMSE":15.7235142532,
            "MAE":11.9608035201,
            "R2":0.5478447568
          }
        }
      },
      "output_file":"VARX_results\/VARX_results_20260721_125407\/varx_4region_Bz_predictions_2h_20260721_125407.csv"
    }
  },
  "var_order_candidates":[
    1,
    2,
    3,
    4,
    5,
    6,
    7,
    8,
    9,
    10,
    11,
    12
  ],
  "var_order_selected":1,
  "var_order_cv_rmse":[
    {
      "VAR_ORDER":1,
      "cv_RMSE_mean":12.0833067634,
      "cv_RMSE_std":0.8047610636
    },
    {
      "VAR_ORDER":5,
      "cv_RMSE_mean":12.1389667453,
      "cv_RMSE_std":0.8820807137
    },
    {
      "VAR_ORDER":4,
      "cv_RMSE_mean":12.1550880425,
      "cv_RMSE_std":0.8538172274
    },
    {
      "VAR_ORDER":3,
      "cv_RMSE_mean":12.1650831179,
      "cv_RMSE_std":0.829436162
    },
    {
      "VAR_ORDER":6,
      "cv_RMSE_mean":12.2000784711,
      "cv_RMSE_std":0.895232358
    },
    {
      "VAR_ORDER":2,
      "cv_RMSE_mean":12.2293260177,
      "cv_RMSE_std":0.848674958
    },
    {
      "VAR_ORDER":7,
      "cv_RMSE_mean":12.2617946843,
      "cv_RMSE_std":0.9041298284
    },
    {
      "VAR_ORDER":8,
      "cv_RMSE_mean":12.283945604,
      "cv_RMSE_std":0.9361193741
    },
    {
      "VAR_ORDER":9,
      "cv_RMSE_mean":12.3364869696,
      "cv_RMSE_std":0.9603591109
    },
    {
      "VAR_ORDER":10,
      "cv_RMSE_mean":12.3580802709,
      "cv_RMSE_std":0.9642511881
    },
    {
      "VAR_ORDER":11,
      "cv_RMSE_mean":12.3850821915,
      "cv_RMSE_std":0.9863898128
    },
    {
      "VAR_ORDER":12,
      "cv_RMSE_mean":12.4154984399,
      "cv_RMSE_std":0.9863657062
    }
  ],
  "var_order_cv_rmse_by_fold":[
    {
      "VAR_ORDER":1,
      "fold":0,
      "val_RMSE_1h":11.8854793956,
      "val_RMSE_2h":15.2173812291,
      "val_RMSE_avg":13.5514303123
    },
    {
      "VAR_ORDER":1,
      "fold":1,
      "val_RMSE_1h":10.9150249373,
      "val_RMSE_2h":13.5842587688,
      "val_RMSE_avg":12.2496418531
    },
    {
      "VAR_ORDER":1,
      "fold":2,
      "val_RMSE_1h":10.2176347458,
      "val_RMSE_2h":12.2421152954,
      "val_RMSE_avg":11.2298750206
    },
    {
      "VAR_ORDER":1,
      "fold":3,
      "val_RMSE_1h":10.1239045549,
      "val_RMSE_2h":13.0528736239,
      "val_RMSE_avg":11.5883890894
    },
    {
      "VAR_ORDER":1,
      "fold":4,
      "val_RMSE_1h":10.2043095728,
      "val_RMSE_2h":13.3900855108,
      "val_RMSE_avg":11.7971975418
    },
    {
      "VAR_ORDER":2,
      "fold":0,
      "val_RMSE_1h":11.9976881764,
      "val_RMSE_2h":15.5342938108,
      "val_RMSE_avg":13.7659909936
    },
    {
      "VAR_ORDER":2,
      "fold":1,
      "val_RMSE_1h":11.0354110471,
      "val_RMSE_2h":13.7326495991,
      "val_RMSE_avg":12.3840303231
    },
    {
      "VAR_ORDER":2,
      "fold":2,
      "val_RMSE_1h":10.1937209547,
      "val_RMSE_2h":12.3077833793,
      "val_RMSE_avg":11.250752167
    },
    {
      "VAR_ORDER":2,
      "fold":3,
      "val_RMSE_1h":10.3721638294,
      "val_RMSE_2h":13.4667283297,
      "val_RMSE_avg":11.9194460795
    },
    {
      "VAR_ORDER":2,
      "fold":4,
      "val_RMSE_1h":10.2237435305,
      "val_RMSE_2h":13.4290775197,
      "val_RMSE_avg":11.8264105251
    },
    {
      "VAR_ORDER":3,
      "fold":0,
      "val_RMSE_1h":11.9482993757,
      "val_RMSE_2h":15.4155705701,
      "val_RMSE_avg":13.6819349729
    },
    {
      "VAR_ORDER":3,
      "fold":1,
      "val_RMSE_1h":10.9435875123,
      "val_RMSE_2h":13.6387581806,
      "val_RMSE_avg":12.2911728465
    },
    {
      "VAR_ORDER":3,
      "fold":2,
      "val_RMSE_1h":10.1768461985,
      "val_RMSE_2h":12.2865135935,
      "val_RMSE_avg":11.231679896
    },
    {
      "VAR_ORDER":3,
      "fold":3,
      "val_RMSE_1h":10.2722633029,
      "val_RMSE_2h":13.3328954696,
      "val_RMSE_avg":11.8025793862
    },
    {
      "VAR_ORDER":3,
      "fold":4,
      "val_RMSE_1h":10.2277517407,
      "val_RMSE_2h":13.4083452355,
      "val_RMSE_avg":11.8180484881
    },
    {
      "VAR_ORDER":4,
      "fold":0,
      "val_RMSE_1h":11.9897140694,
      "val_RMSE_2h":15.4501938703,
      "val_RMSE_avg":13.7199539699
    },
    {
      "VAR_ORDER":4,
      "fold":1,
      "val_RMSE_1h":10.9401163725,
      "val_RMSE_2h":13.6247946883,
      "val_RMSE_avg":12.2824555304
    },
    {
      "VAR_ORDER":4,
      "fold":2,
      "val_RMSE_1h":10.1469869939,
      "val_RMSE_2h":12.2617480339,
      "val_RMSE_avg":11.2043675139
    },
    {
      "VAR_ORDER":4,
      "fold":3,
      "val_RMSE_1h":10.2336264186,
      "val_RMSE_2h":13.2860217308,
      "val_RMSE_avg":11.7598240747
    },
    {
      "VAR_ORDER":4,
      "fold":4,
      "val_RMSE_1h":10.2154791163,
      "val_RMSE_2h":13.4021991311,
      "val_RMSE_avg":11.8088391237
    },
    {
      "VAR_ORDER":5,
      "fold":0,
      "val_RMSE_1h":12.0523538761,