{
  "trainval_storms":[
    "20180504-20180513_Bz_6RE_4regions",
    "20160822-20160828_Bz_6RE_4regions",
    "20180418-20180424_Bz_6RE_4regions",
    "20190509-20190512_Bz_6RE_4regions",
    "20171104-20171113_Bz_6RE_4regions",
    "20170926-20171005_Bz_6RE_4regions",
    "20160507-20160509_Bz_6RE_4regions",
    "20160405-20160410_Bz_6RE_4regions",
    "20160801-20160805_Bz_6RE_4regions",
    "20151218-20151225_Bz_6RE_4regions",
    "20150910-20150914_Bz_6RE_4regions",
    "20180824-20180831_Bz_6RE_4regions",
    "20170325-20170402_Bz_6RE_4regions",
    "20160401-20160404_Bz_6RE_4regions",
    "20161011-20161014_Bz_6RE_4regions",
    "20170905-20170910_Bz_6RE_4regions",
    "20181102-20181114_Bz_6RE_4regions",
    "20151006-20151008_Bz_6RE_4regions",
    "20160305-20160308_Bz_6RE_4regions",
    "20181005-20181011_Bz_6RE_4regions",
    "20150918-20150923_Bz_6RE_4regions"
  ],
  "n_cv_splits":5,
  "test_storms":[
    "20170526-20170531_Bz_6RE_4regions",
    "20160603-20160609_Bz_6RE_4regions"
  ],
  "regions":[
    "dayside",
    "dawnside"
  ],
  "endogenous_columns":[
    "target_Bz_dayside_t0",
    "target_Bz_dawnside_t0"
  ],
  "exogenous_features":[
    "Bmag",
    "Pdyn",
    "SYMH",
    "Es",
    "Ey"
  ],
  "forecast_results":{
    "1h":{
      "metrics":{
        "dayside":{
          "RMSE":10.656659773,
          "MAE":8.3923167769,
          "R2":0.8762725806
        },
        "dawnside":{
          "RMSE":10.688548704,
          "MAE":8.1835699562,
          "R2":0.8314414669
        }
      },
      "storm_metrics":{
        "20170526-20170531_Bz_6RE_4regions":{
          "dayside":{
            "RMSE":11.1331469111,
            "MAE":9.0801286103,
            "R2":0.8734828602
          },
          "dawnside":{
            "RMSE":9.4850382803,
            "MAE":7.3995658977,
            "R2":0.8735747054
          }
        },
        "20160603-20160609_Bz_6RE_4regions":{
          "dayside":{
            "RMSE":10.1578459768,
            "MAE":7.7045049435,
            "R2":0.8226851191
          },
          "dawnside":{
            "RMSE":11.7696302243,
            "MAE":8.9675740147,
            "R2":0.75410844
          }
        }
      },
      "output_file":"VARX_results\/VARX_results_20260721_125920\/varx_4region_Bz_predictions_1h_20260721_125920.csv"
    },
    "2h":{
      "metrics":{
        "dayside":{
          "RMSE":13.6209012404,
          "MAE":10.9105091223,
          "R2":0.7992182571
        },
        "dawnside":{
          "RMSE":13.999395193,
          "MAE":10.9858435754,
          "R2":0.70335446
        }
      },
      "storm_metrics":{
        "20170526-20170531_Bz_6RE_4regions":{
          "dayside":{
            "RMSE":14.3467999829,
            "MAE":11.6700337736,
            "R2":0.7931002974
          },
          "dawnside":{
            "RMSE":12.9768117751,
            "MAE":10.2036248434,
            "R2":0.7569764288
          }
        },
        "20160603-20160609_Bz_6RE_4regions":{
          "dayside":{
            "RMSE":12.8540745078,
            "MAE":10.1509844711,
            "R2":0.7159467082
          },
          "dawnside":{
            "RMSE":14.9522067835,
            "MAE":11.7680623074,
            "R2":0.5911171237
          }
        }
      },
      "output_file":"VARX_results\/VARX_results_20260721_125920\/varx_4region_Bz_predictions_2h_20260721_125920.csv"
    }
  },
  "var_order_candidates":[
    1,
    2,
    3,
    4,
    5,
    6,
    7,
    8,
    9,
    10,
    11,
    12
  ],
  "var_order_selected":1,
  "var_order_cv_rmse":[
    {
      "VAR_ORDER":1,
      "cv_RMSE_mean":11.5332736807,
      "cv_RMSE_std":1.2243180381
    },
    {
      "VAR_ORDER":5,
      "cv_RMSE_mean":11.7152276912,
      "cv_RMSE_std":1.3680500284
    },
    {
      "VAR_ORDER":3,
      "cv_RMSE_mean":11.7209094884,
      "cv_RMSE_std":1.4043751732
    },
    {
      "VAR_ORDER":4,
      "cv_RMSE_mean":11.7352317752,
      "cv_RMSE_std":1.4127489236
    },
    {
      "VAR_ORDER":2,
      "cv_RMSE_mean":11.7731705875,
      "cv_RMSE_std":1.4388498053
    },
    {
      "VAR_ORDER":6,
      "cv_RMSE_mean":11.7840408876,
      "cv_RMSE_std":1.4009206282
    },
    {
      "VAR_ORDER":7,
      "cv_RMSE_mean":11.8407394258,
      "cv_RMSE_std":1.4130699093
    },
    {
      "VAR_ORDER":8,
      "cv_RMSE_mean":11.8770756319,
      "cv_RMSE_std":1.4280170959
    },
    {
      "VAR_ORDER":9,
      "cv_RMSE_mean":11.9032431348,
      "cv_RMSE_std":1.3887692791
    },
    {
      "VAR_ORDER":10,
      "cv_RMSE_mean":11.9322094474,
      "cv_RMSE_std":1.4095397613
    },
    {
      "VAR_ORDER":11,
      "cv_RMSE_mean":11.9537270822,
      "cv_RMSE_std":1.4417682661
    },
    {
      "VAR_ORDER":12,
      "cv_RMSE_mean":11.9855380241,
      "cv_RMSE_std":1.4509364311
    }
  ],
  "var_order_cv_rmse_by_fold":[
    {
      "VAR_ORDER":1,
      "fold":0,
      "val_RMSE_1h":10.9782607715,
      "val_RMSE_2h":13.5890648912,
      "val_RMSE_avg":12.2836628313
    },
    {
      "VAR_ORDER":1,
      "fold":1,
      "val_RMSE_1h":12.0207108103,
      "val_RMSE_2h":14.9910226611,
      "val_RMSE_avg":13.5058667357
    },
    {
      "VAR_ORDER":1,
      "fold":2,
      "val_RMSE_1h":9.298945987,
      "val_RMSE_2h":10.9251823682,
      "val_RMSE_avg":10.1120641776
    },
    {
      "VAR_ORDER":1,
      "fold":3,
      "val_RMSE_1h":9.3571789099,
      "val_RMSE_2h":11.8186585393,
      "val_RMSE_avg":10.5879187246
    },
    {
      "VAR_ORDER":1,
      "fold":4,
      "val_RMSE_1h":9.6301769443,
      "val_RMSE_2h":12.7235349242,
      "val_RMSE_avg":11.1768559343
    },
    {
      "VAR_ORDER":2,
      "fold":0,
      "val_RMSE_1h":11.0682958482,
      "val_RMSE_2h":13.933671751,
      "val_RMSE_avg":12.5009837996
    },
    {
      "VAR_ORDER":2,
      "fold":1,
      "val_RMSE_1h":12.6377837592,
      "val_RMSE_2h":15.7887702508,
      "val_RMSE_avg":14.213277005
    },
    {
      "VAR_ORDER":2,
      "fold":2,
      "val_RMSE_1h":9.2624635957,
      "val_RMSE_2h":10.9961178181,
      "val_RMSE_avg":10.1292907069
    },
    {
      "VAR_ORDER":2,
      "fold":3,
      "val_RMSE_1h":9.6281900851,
      "val_RMSE_2h":12.3055362789,
      "val_RMSE_avg":10.966863182
    },
    {
      "VAR_ORDER":2,
      "fold":4,
      "val_RMSE_1h":9.5405830475,
      "val_RMSE_2h":12.5702934402,
      "val_RMSE_avg":11.0554382438
    },
    {
      "VAR_ORDER":3,
      "fold":0,
      "val_RMSE_1h":11.0431113535,
      "val_RMSE_2h":13.8380097658,
      "val_RMSE_avg":12.4405605597
    },
    {
      "VAR_ORDER":3,
      "fold":1,
      "val_RMSE_1h":12.5202039709,
      "val_RMSE_2h":15.6781064155,
      "val_RMSE_avg":14.0991551932
    },
    {
      "VAR_ORDER":3,
      "fold":2,
      "val_RMSE_1h":9.2514178547,
      "val_RMSE_2h":10.988027899,
      "val_RMSE_avg":10.1197228768
    },
    {
      "VAR_ORDER":3,
      "fold":3,
      "val_RMSE_1h":9.5840604497,
      "val_RMSE_2h":12.2770410343,
      "val_RMSE_avg":10.930550742
    },
    {
      "VAR_ORDER":3,
      "fold":4,
      "val_RMSE_1h":9.5150653446,
      "val_RMSE_2h":12.5140507957,
      "val_RMSE_avg":11.0145580701
    },
    {
      "VAR_ORDER":4,
      "fold":0,
      "val_RMSE_1h":11.0731203412,
      "val_RMSE_2h":13.8237572014,
      "val_RMSE_avg":12.4484387713
    },
    {
      "VAR_ORDER":4,
      "fold":1,
      "val_RMSE_1h":12.5308163746,
      "val_RMSE_2h":15.731838999,
      "val_RMSE_avg":14.1313276868
    },
    {
      "VAR_ORDER":4,
      "fold":2,
      "val_RMSE_1h":9.2520736938,
      "val_RMSE_2h":10.9931450951,
      "val_RMSE_avg":10.1226093944
    },
    {
      "VAR_ORDER":4,
      "fold":3,
      "val_RMSE_1h":9.5792204108,
      "val_RMSE_2h":12.2620444939,
      "val_RMSE_avg":10.9206324524
    },
    {
      "VAR_ORDER":4,
      "fold":4,
      "val_RMSE_1h":9.5492614881,
      "val_RMSE_2h":12.5570396538,
      "val_RMSE_avg":11.053150571
    },
    {
      "VAR_ORDER":5,
      "fold":0,