{
  "trainval_storms":[
    "20180504-20180513_Bz_6RE_4regions",
    "20160822-20160828_Bz_6RE_4regions",
    "20180418-20180424_Bz_6RE_4regions",
    "20190509-20190512_Bz_6RE_4regions",
    "20171104-20171113_Bz_6RE_4regions",
    "20170926-20171005_Bz_6RE_4regions",
    "20160507-20160509_Bz_6RE_4regions",
    "20160405-20160410_Bz_6RE_4regions",
    "20160801-20160805_Bz_6RE_4regions",
    "20151218-20151225_Bz_6RE_4regions",
    "20150910-20150914_Bz_6RE_4regions",
    "20180824-20180831_Bz_6RE_4regions",
    "20170325-20170402_Bz_6RE_4regions",
    "20160401-20160404_Bz_6RE_4regions",
    "20161011-20161014_Bz_6RE_4regions",
    "20170905-20170910_Bz_6RE_4regions",
    "20181102-20181114_Bz_6RE_4regions",
    "20151006-20151008_Bz_6RE_4regions",
    "20160305-20160308_Bz_6RE_4regions",
    "20181005-20181011_Bz_6RE_4regions",
    "20150918-20150923_Bz_6RE_4regions"
  ],
  "n_cv_splits":5,
  "test_storms":[
    "20170526-20170531_Bz_6RE_4regions",
    "20160603-20160609_Bz_6RE_4regions"
  ],
  "regions":[
    "dayside",
    "duskside",
    "dawnside",
    "nightside"
  ],
  "endogenous_columns":[
    "target_Bz_dayside_t0",
    "target_Bz_duskside_t0",
    "target_Bz_dawnside_t0",
    "target_Bz_nightside_t0"
  ],
  "exogenous_features":[
    "SYMH",
    "Es"
  ],
  "forecast_results":{
    "1h":{
      "metrics":{
        "dayside":{
          "RMSE":10.8789234184,
          "MAE":8.7904549889,
          "R2":0.8719190999
        },
        "duskside":{
          "RMSE":16.4282007116,
          "MAE":12.9795979688,
          "R2":0.719812544
        },
        "dawnside":{
          "RMSE":11.4722829994,
          "MAE":9.0829199745,
          "R2":0.8007864019
        },
        "nightside":{
          "RMSE":12.2127369281,
          "MAE":9.2153502441,
          "R2":0.2300505736
        }
      },
      "storm_metrics":{
        "20170526-20170531_Bz_6RE_4regions":{
          "dayside":{
            "RMSE":11.2874815306,
            "MAE":9.5085200079,
            "R2":0.8719310395
          },
          "duskside":{
            "RMSE":13.5495632572,
            "MAE":10.6680571602,
            "R2":0.7665188255
          },
          "dawnside":{
            "RMSE":11.4022658767,
            "MAE":9.3806882063,
            "R2":0.8123732677
          },
          "nightside":{
            "RMSE":10.0279289855,
            "MAE":7.7227774779,
            "R2":0.461280232
          }
        },
        "20160603-20160609_Bz_6RE_4regions":{
          "dayside":{
            "RMSE":10.4544110396,
            "MAE":8.07238997,
            "R2":0.8121040828
          },
          "duskside":{
            "RMSE":18.8727553044,
            "MAE":15.2911387774,
            "R2":0.6668168673
          },
          "dawnside":{
            "RMSE":11.541875381,
            "MAE":8.7851517428,
            "R2":0.7563642048
          },
          "nightside":{
            "RMSE":14.0620953919,
            "MAE":10.7079230103,
            "R2":0.013657425
          }
        }
      },
      "output_file":"VARX_results\/VARX_results_20260720_194228\/varx_4region_Bz_predictions_1h_20260720_194228.csv"
    },
    "2h":{
      "metrics":{
        "dayside":{
          "RMSE":14.6106241665,
          "MAE":12.1749369534,
          "R2":0.7709921975
        },
        "duskside":{
          "RMSE":22.0791593064,
          "MAE":18.0687806565,
          "R2":0.4751563523
        },
        "dawnside":{
          "RMSE":15.9069174346,
          "MAE":12.74897151,
          "R2":0.6052289154
        },
        "nightside":{
          "RMSE":13.0708755697,
          "MAE":10.0536600994,
          "R2":0.0989311163
        }
      },
      "storm_metrics":{
        "20170526-20170531_Bz_6RE_4regions":{
          "dayside":{
            "RMSE":15.1556879565,
            "MAE":12.7590122727,
            "R2":0.7726771519
          },
          "duskside":{
            "RMSE":19.8521229203,
            "MAE":15.5676885228,
            "R2":0.4724379661
          },
          "dawnside":{
            "RMSE":17.0258898415,
            "MAE":14.0012548252,
            "R2":0.5708974005
          },
          "nightside":{
            "RMSE":12.5331767431,
            "MAE":9.5818085611,
            "R2":0.1332514466
          }
        },
        "20160603-20160609_Bz_6RE_4regions":{
          "dayside":{
            "RMSE":14.0444223674,
            "MAE":11.5908616342,
            "R2":0.6620373615
          },
          "duskside":{
            "RMSE":24.1012814372,
            "MAE":20.5698727902,
            "R2":0.4410661918
          },
          "dawnside":{
            "RMSE":14.7030309682,
            "MAE":11.4966881948,
            "R2":0.5881067071
          },
          "nightside":{
            "RMSE":13.5873123555,
            "MAE":10.5255116377,
            "R2":0.0659305017
          }
        }
      },
      "output_file":"VARX_results\/VARX_results_20260720_194228\/varx_4region_Bz_predictions_2h_20260720_194228.csv"
    }
  },
  "var_order_candidates":[
    1,
    2,
    3,
    4,
    5,
    6,
    7,
    8,
    9,
    10,
    11,
    12
  ],
  "var_order_selected":5,
  "var_order_cv_rmse":[
    {
      "VAR_ORDER":5,
      "cv_RMSE_mean":14.1554427351,
      "cv_RMSE_std":0.5333896234
    },
    {
      "VAR_ORDER":4,
      "cv_RMSE_mean":14.1597315172,
      "cv_RMSE_std":0.5452592771
    },
    {
      "VAR_ORDER":3,
      "cv_RMSE_mean":14.1922608986,
      "cv_RMSE_std":0.555443616
    },
    {
      "VAR_ORDER":6,
      "cv_RMSE_mean":14.2322397434,
      "cv_RMSE_std":0.5527373638
    },
    {
      "VAR_ORDER":7,
      "cv_RMSE_mean":14.273539269,
      "cv_RMSE_std":0.5529145815
    },
    {
      "VAR_ORDER":8,
      "cv_RMSE_mean":14.3143329036,
      "cv_RMSE_std":0.5540331003
    },
    {
      "VAR_ORDER":2,
      "cv_RMSE_mean":14.3605835649,
      "cv_RMSE_std":0.5885768153
    },
    {
      "VAR_ORDER":9,
      "cv_RMSE_mean":14.3652437891,
      "cv_RMSE_std":0.5344254278
    },
    {
      "VAR_ORDER":10,
      "cv_RMSE_mean":14.4166470665,
      "cv_RMSE_std":0.5317837856
    },
    {
      "VAR_ORDER":11,
      "cv_RMSE_mean":14.4660759338,
      "cv_RMSE_std":0.5782406476
    },
    {
      "VAR_ORDER":12,
      "cv_RMSE_mean":14.5208774504,
      "cv_RMSE_std":0.5638269241
    },
    {
      "VAR_ORDER":1,
      "cv_RMSE_mean":14.5478799475,
      "cv_RMSE_std":0.6049124411
    }
  ],
  "var_order_cv_rmse_by_fold":[
    {
      "VAR_ORDER":1,
      "fold":0,
      "val_RMSE_1h":13.5400870341,
      "val_RMSE_2h":17.4212575417,
      "val_RMSE_avg":15.4806722879
    },
    {
      "VAR_ORDER":1,
      "fold":1,
      "val_RMSE_1h":13.0596047134,
      "val_RMSE_2h":15.799743444,
      "val_RMSE_avg":14.4296740787
    },
    {
      "VAR_ORDER":1,
      "fold":2,
      "val_RMSE_1h":12.8892447162,
      "val_RMSE_2h":15.1920508757,
      "val_RMSE_avg":14.0406477959
    },
    {
      "VAR_ORDER":1,
      "fold":3,
      "val_RMSE_1h":12.4117859822,
      "val_RMSE_2h":15.2443622593,
      "val_RMSE_avg":13.8280741208
    },
    {
      "VAR_ORDER":1,
      "fold":4,
      "val_RMSE_1h":13.2767645202,
      "val_RMSE_2h":16.6438983886,
      "val_RMSE_avg":14.9603314544
    },
    {
      "VAR_ORDER":2,
      "fold":0,
      "val_RMSE_1h":13.4771671716,
      "val_RMSE_2h":17.2931958201,
      "val_RMSE_avg":15.3851814958
    },
    {
      "VAR_ORDER":2,
      "fold":1,
      "val_RMSE_1h":12.8764904645,
      "val_RMSE_2h":15.3938481447,
      "val_RMSE_avg":14.1351693046
    },
    {
      "VAR_ORDER":2,
      "fold":2,
      "val_RMSE_1h":12.5299137723,
      "val_RMSE_2h":14.8574468319,
      "val_RMSE_avg":13.6936803021
    },
    {
      "VAR_ORDER":2,
      "fold":3,
      "val_RMSE_1h":12.5413294524,
      "val_RMSE_2h":15.4509136346,
      "val_RMSE_avg":13.9961215435
    },
    {
      "VAR_ORDER":2,
      "fold":4,
      "val_RMSE_1h":12.9212964669,
      "val_RMSE_2h":16.2642338902,