{
  "trainval_storms":[
    "20180504-20180513_Bz_6RE_4regions",
    "20160822-20160828_Bz_6RE_4regions",
    "20180418-20180424_Bz_6RE_4regions",
    "20190509-20190512_Bz_6RE_4regions",
    "20171104-20171113_Bz_6RE_4regions",
    "20170926-20171005_Bz_6RE_4regions",
    "20160507-20160509_Bz_6RE_4regions",
    "20160405-20160410_Bz_6RE_4regions",
    "20160801-20160805_Bz_6RE_4regions",
    "20151218-20151225_Bz_6RE_4regions",
    "20150910-20150914_Bz_6RE_4regions",
    "20180824-20180831_Bz_6RE_4regions",
    "20170325-20170402_Bz_6RE_4regions",
    "20160401-20160404_Bz_6RE_4regions",
    "20161011-20161014_Bz_6RE_4regions",
    "20170905-20170910_Bz_6RE_4regions",
    "20181102-20181114_Bz_6RE_4regions",
    "20151006-20151008_Bz_6RE_4regions",
    "20160305-20160308_Bz_6RE_4regions",
    "20181005-20181011_Bz_6RE_4regions",
    "20150918-20150923_Bz_6RE_4regions"
  ],
  "n_cv_splits":5,
  "test_storms":[
    "20170526-20170531_Bz_6RE_4regions",
    "20160603-20160609_Bz_6RE_4regions"
  ],
  "regions":[
    "dayside",
    "duskside",
    "dawnside",
    "nightside"
  ],
  "endogenous_columns":[
    "target_Bz_dayside_t0",
    "target_Bz_duskside_t0",
    "target_Bz_dawnside_t0",
    "target_Bz_nightside_t0"
  ],
  "exogenous_features":[
    "Pdyn",
    "SYMH",
    "Es"
  ],
  "forecast_results":{
    "1h":{
      "metrics":{
        "dayside":{
          "RMSE":10.0850803931,
          "MAE":8.073368285,
          "R2":0.8899294185
        },
        "duskside":{
          "RMSE":16.2889123792,
          "MAE":12.7564622805,
          "R2":0.7245436034
        },
        "dawnside":{
          "RMSE":11.4277690103,
          "MAE":8.9857198882,
          "R2":0.8023293534
        },
        "nightside":{
          "RMSE":12.4282581816,
          "MAE":9.3682744113,
          "R2":0.2026358076
        }
      },
      "storm_metrics":{
        "20170526-20170531_Bz_6RE_4regions":{
          "dayside":{
            "RMSE":10.6489397247,
            "MAE":8.8468340703,
            "R2":0.886011112
          },
          "duskside":{
            "RMSE":13.3272093606,
            "MAE":10.4831088729,
            "R2":0.7741189925
          },
          "dawnside":{
            "RMSE":11.326888988,
            "MAE":9.2387438267,
            "R2":0.814845754
          },
          "nightside":{
            "RMSE":10.7379524736,
            "MAE":8.2477950335,
            "R2":0.3822917988
          }
        },
        "20160603-20160609_Bz_6RE_4regions":{
          "dayside":{
            "RMSE":9.4877698017,
            "MAE":7.2999024996,
            "R2":0.8452443625
          },
          "duskside":{
            "RMSE":18.78943383,
            "MAE":15.0298156881,
            "R2":0.6697523187
          },
          "dawnside":{
            "RMSE":11.5277662606,
            "MAE":8.7326959497,
            "R2":0.7569594955
          },
          "nightside":{
            "RMSE":13.9147252768,
            "MAE":10.488753789,
            "R2":0.0342227455
          }
        }
      },
      "output_file":"VARX_results\/VARX_results_20260720_193941\/varx_4region_Bz_predictions_1h_20260720_193941.csv"
    },
    "2h":{
      "metrics":{
        "dayside":{
          "RMSE":13.1478478017,
          "MAE":10.7648181972,
          "R2":0.814552033
        },
        "duskside":{
          "RMSE":22.0084655648,
          "MAE":18.0154252434,
          "R2":0.4785118933
        },
        "dawnside":{
          "RMSE":16.0204144244,
          "MAE":12.9406970983,
          "R2":0.5995753782
        },
        "nightside":{
          "RMSE":13.674365308,
          "MAE":10.7765324545,
          "R2":0.0138045658
        }
      },
      "storm_metrics":{
        "20170526-20170531_Bz_6RE_4regions":{
          "dayside":{
            "RMSE":14.0464699999,
            "MAE":11.6512414327,
            "R2":0.8047342064
          },
          "duskside":{
            "RMSE":19.9110147347,
            "MAE":15.6059234926,
            "R2":0.4693032717
          },
          "dawnside":{
            "RMSE":17.3763627411,
            "MAE":14.4781031019,
            "R2":0.553049677
          },
          "nightside":{
            "RMSE":13.7904478038,
            "MAE":11.1462989293,
            "R2":-0.0493673197
          }
        },
        "20160603-20160609_Bz_6RE_4regions":{
          "dayside":{
            "RMSE":12.1831229237,
            "MAE":9.8783949617,
            "R2":0.745681367
          },
          "duskside":{
            "RMSE":23.9227215273,
            "MAE":20.4249269941,
            "R2":0.4493174928
          },
          "dawnside":{
            "RMSE":14.538547883,
            "MAE":11.4032910948,
            "R2":0.5972708751
          },
          "nightside":{
            "RMSE":13.5572889076,
            "MAE":10.4067659796,
            "R2":0.0700539078
          }
        }
      },
      "output_file":"VARX_results\/VARX_results_20260720_193941\/varx_4region_Bz_predictions_2h_20260720_193941.csv"
    }
  },
  "var_order_candidates":[
    1,
    2,
    3,
    4,
    5,
    6,
    7,
    8,
    9,
    10,
    11,
    12
  ],
  "var_order_selected":5,
  "var_order_cv_rmse":[
    {
      "VAR_ORDER":5,
      "cv_RMSE_mean":14.0034515722,
      "cv_RMSE_std":0.6804621567
    },
    {
      "VAR_ORDER":4,
      "cv_RMSE_mean":14.0091463156,
      "cv_RMSE_std":0.7042689408
    },
    {
      "VAR_ORDER":3,
      "cv_RMSE_mean":14.0229662,
      "cv_RMSE_std":0.7204643657
    },
    {
      "VAR_ORDER":6,
      "cv_RMSE_mean":14.0843941978,
      "cv_RMSE_std":0.6821491244
    },
    {
      "VAR_ORDER":7,
      "cv_RMSE_mean":14.1372523456,
      "cv_RMSE_std":0.6923378549
    },
    {
      "VAR_ORDER":8,
      "cv_RMSE_mean":14.1952149087,
      "cv_RMSE_std":0.6899967144
    },
    {
      "VAR_ORDER":2,
      "cv_RMSE_mean":14.1989289919,
      "cv_RMSE_std":0.7641319752
    },
    {
      "VAR_ORDER":9,
      "cv_RMSE_mean":14.2366095447,
      "cv_RMSE_std":0.7033430546
    },
    {
      "VAR_ORDER":10,
      "cv_RMSE_mean":14.2923131004,
      "cv_RMSE_std":0.7066269368
    },
    {
      "VAR_ORDER":11,
      "cv_RMSE_mean":14.3437082493,
      "cv_RMSE_std":0.7359880368
    },
    {
      "VAR_ORDER":1,
      "cv_RMSE_mean":14.3674622762,
      "cv_RMSE_std":0.7754423304
    },
    {
      "VAR_ORDER":12,
      "cv_RMSE_mean":14.4037788367,
      "cv_RMSE_std":0.7221078408
    }
  ],
  "var_order_cv_rmse_by_fold":[
    {
      "VAR_ORDER":1,
      "fold":0,
      "val_RMSE_1h":13.1666779284,
      "val_RMSE_2h":16.8470326096,
      "val_RMSE_avg":15.006855269
    },
    {
      "VAR_ORDER":1,
      "fold":1,
      "val_RMSE_1h":13.8510680538,
      "val_RMSE_2h":16.7165218178,
      "val_RMSE_avg":15.2837949358
    },
    {
      "VAR_ORDER":1,
      "fold":2,
      "val_RMSE_1h":12.4824446039,
      "val_RMSE_2h":14.5639311744,
      "val_RMSE_avg":13.5231878892
    },
    {
      "VAR_ORDER":1,
      "fold":3,
      "val_RMSE_1h":12.0518285471,
      "val_RMSE_2h":14.7129276117,
      "val_RMSE_avg":13.3823780794
    },
    {
      "VAR_ORDER":1,
      "fold":4,
      "val_RMSE_1h":13.0060009901,
      "val_RMSE_2h":16.2761894254,
      "val_RMSE_avg":14.6410952077
    },
    {
      "VAR_ORDER":2,
      "fold":0,
      "val_RMSE_1h":13.0823513353,
      "val_RMSE_2h":16.7185715407,
      "val_RMSE_avg":14.900461438
    },
    {
      "VAR_ORDER":2,
      "fold":1,
      "val_RMSE_1h":13.8297145126,
      "val_RMSE_2h":16.4652134048,
      "val_RMSE_avg":15.1474639587
    },
    {
      "VAR_ORDER":2,
      "fold":2,
      "val_RMSE_1h":12.1011308962,
      "val_RMSE_2h":14.2040789978,
      "val_RMSE_avg":13.152604947
    },
    {
      "VAR_ORDER":2,
      "fold":3,
      "val_RMSE_1h":12.1671756334,
      "val_RMSE_2h":14.9190195135,
      "val_RMSE_avg":13.5430975735
    },
    {
      "VAR_ORDER":2,
      "fold":4,
      "val_RMSE_1h":12.6327854138,
      "val_RMSE_2h":15.8692486713,