{
  "trainval_storms":[
    "20180504-20180513_Bz_6RE_4regions",
    "20160822-20160828_Bz_6RE_4regions",
    "20180418-20180424_Bz_6RE_4regions",
    "20190509-20190512_Bz_6RE_4regions",
    "20171104-20171113_Bz_6RE_4regions",
    "20170926-20171005_Bz_6RE_4regions",
    "20160507-20160509_Bz_6RE_4regions",
    "20160405-20160410_Bz_6RE_4regions",
    "20160801-20160805_Bz_6RE_4regions",
    "20151218-20151225_Bz_6RE_4regions",
    "20150910-20150914_Bz_6RE_4regions",
    "20180824-20180831_Bz_6RE_4regions",
    "20170325-20170402_Bz_6RE_4regions",
    "20160401-20160404_Bz_6RE_4regions",
    "20161011-20161014_Bz_6RE_4regions",
    "20170905-20170910_Bz_6RE_4regions",
    "20181102-20181114_Bz_6RE_4regions",
    "20151006-20151008_Bz_6RE_4regions",
    "20160305-20160308_Bz_6RE_4regions",
    "20181005-20181011_Bz_6RE_4regions",
    "20150918-20150923_Bz_6RE_4regions"
  ],
  "n_cv_splits":5,
  "test_storms":[
    "20170526-20170531_Bz_6RE_4regions",
    "20160603-20160609_Bz_6RE_4regions"
  ],
  "regions":[
    "dayside",
    "duskside",
    "dawnside"
  ],
  "endogenous_columns":[
    "target_Bz_dayside_t0",
    "target_Bz_duskside_t0",
    "target_Bz_dawnside_t0"
  ],
  "exogenous_features":[
    "Bmag",
    "Pdyn",
    "SYMH",
    "Es"
  ],
  "forecast_results":{
    "1h":{
      "metrics":{
        "dayside":{
          "RMSE":10.6446812496,
          "MAE":8.424360289,
          "R2":0.8765505737
        },
        "duskside":{
          "RMSE":16.1354438085,
          "MAE":12.1405195462,
          "R2":0.7373841527
        },
        "dawnside":{
          "RMSE":10.9865025167,
          "MAE":8.4399403833,
          "R2":0.8219130151
        }
      },
      "storm_metrics":{
        "20170526-20170531_Bz_6RE_4regions":{
          "dayside":{
            "RMSE":11.1801947374,
            "MAE":9.1872698912,
            "R2":0.8724112974
          },
          "duskside":{
            "RMSE":12.1743339344,
            "MAE":9.2674831383,
            "R2":0.8205992687
          },
          "dawnside":{
            "RMSE":10.0166620457,
            "MAE":7.8607579245,
            "R2":0.8590056074
          }
        },
        "20160603-20160609_Bz_6RE_4regions":{
          "dayside":{
            "RMSE":10.0807600629,
            "MAE":7.6614506868,
            "R2":0.8253661237
          },
          "duskside":{
            "RMSE":19.3000177992,
            "MAE":15.0135559542,
            "R2":0.657436739
          },
          "dawnside":{
            "RMSE":11.8774137152,
            "MAE":9.0191228421,
            "R2":0.7495841849
          }
        }
      },
      "output_file":"VARX_results\/VARX_results_20260721_105622\/varx_4region_Bz_predictions_1h_20260721_105622.csv"
    },
    "2h":{
      "metrics":{
        "dayside":{
          "RMSE":13.7085208954,
          "MAE":11.0538926519,
          "R2":0.796626797
        },
        "duskside":{
          "RMSE":19.508379509,
          "MAE":15.742303627,
          "R2":0.6048963163
        },
        "dawnside":{
          "RMSE":14.5298623821,
          "MAE":11.4405719404,
          "R2":0.680447457
        }
      },
      "storm_metrics":{
        "20170526-20170531_Bz_6RE_4regions":{
          "dayside":{
            "RMSE":14.5816975397,
            "MAE":11.9197813818,
            "R2":0.7862697713
          },
          "duskside":{
            "RMSE":15.6623209748,
            "MAE":12.5369929872,
            "R2":0.6880295096
          },
          "dawnside":{
            "RMSE":14.0378503522,
            "MAE":11.2094762924,
            "R2":0.7156104694
          }
        },
        "20160603-20160609_Bz_6RE_4regions":{
          "dayside":{
            "RMSE":12.7758047551,
            "MAE":10.188003922,
            "R2":0.7193954345
          },
          "duskside":{
            "RMSE":22.7122311501,
            "MAE":18.9476142667,
            "R2":0.5174614797
          },
          "dawnside":{
            "RMSE":15.0057508701,
            "MAE":11.6716675883,
            "R2":0.5881834484
          }
        }
      },
      "output_file":"VARX_results\/VARX_results_20260721_105622\/varx_4region_Bz_predictions_2h_20260721_105622.csv"
    }
  },
  "var_order_candidates":[
    1,
    2,
    3,
    4,
    5,
    6,
    7,
    8,
    9,
    10,
    11,
    12
  ],
  "var_order_selected":1,
  "var_order_cv_rmse":[
    {
      "VAR_ORDER":1,
      "cv_RMSE_mean":13.4744419733,
      "cv_RMSE_std":0.7855307482
    },
    {
      "VAR_ORDER":3,
      "cv_RMSE_mean":13.6914141552,
      "cv_RMSE_std":0.8249481268
    },
    {
      "VAR_ORDER":5,
      "cv_RMSE_mean":13.7005187445,
      "cv_RMSE_std":0.8181778338
    },
    {
      "VAR_ORDER":4,
      "cv_RMSE_mean":13.7291514588,
      "cv_RMSE_std":0.832157266
    },
    {
      "VAR_ORDER":2,
      "cv_RMSE_mean":13.7295853488,
      "cv_RMSE_std":0.8406418887
    },
    {
      "VAR_ORDER":6,
      "cv_RMSE_mean":13.7811682118,
      "cv_RMSE_std":0.836405243
    },
    {
      "VAR_ORDER":7,
      "cv_RMSE_mean":13.8314238751,
      "cv_RMSE_std":0.8543921826
    },
    {
      "VAR_ORDER":8,
      "cv_RMSE_mean":13.8810636808,
      "cv_RMSE_std":0.8397960699
    },
    {
      "VAR_ORDER":9,
      "cv_RMSE_mean":13.9126678858,
      "cv_RMSE_std":0.8078221384
    },
    {
      "VAR_ORDER":10,
      "cv_RMSE_mean":13.9538513529,
      "cv_RMSE_std":0.8204011036
    },
    {
      "VAR_ORDER":11,
      "cv_RMSE_mean":14.0119734025,
      "cv_RMSE_std":0.8628415763
    },
    {
      "VAR_ORDER":12,
      "cv_RMSE_mean":14.0604216126,
      "cv_RMSE_std":0.8411278521
    }
  ],
  "var_order_cv_rmse_by_fold":[
    {
      "VAR_ORDER":1,
      "fold":0,
      "val_RMSE_1h":12.7403122762,
      "val_RMSE_2h":16.0614636589,
      "val_RMSE_avg":14.4008879675
    },
    {
      "VAR_ORDER":1,
      "fold":1,
      "val_RMSE_1h":12.8431602125,
      "val_RMSE_2h":15.5139339434,
      "val_RMSE_avg":14.1785470779
    },
    {
      "VAR_ORDER":1,
      "fold":2,
      "val_RMSE_1h":11.4429074488,
      "val_RMSE_2h":13.6055029802,
      "val_RMSE_avg":12.5242052145
    },
    {
      "VAR_ORDER":1,
      "fold":3,
      "val_RMSE_1h":11.3141690892,
      "val_RMSE_2h":13.8618229187,
      "val_RMSE_avg":12.587996004
    },
    {
      "VAR_ORDER":1,
      "fold":4,
      "val_RMSE_1h":11.9621323749,
      "val_RMSE_2h":15.39901483,
      "val_RMSE_avg":13.6805736025
    },
    {
      "VAR_ORDER":2,
      "fold":0,
      "val_RMSE_1h":12.8249931749,
      "val_RMSE_2h":16.4323171835,
      "val_RMSE_avg":14.6286551792
    },
    {
      "VAR_ORDER":2,
      "fold":1,
      "val_RMSE_1h":13.3551621451,
      "val_RMSE_2h":15.9244392223,
      "val_RMSE_avg":14.6398006837
    },
    {
      "VAR_ORDER":2,
      "fold":2,
      "val_RMSE_1h":11.2949813711,
      "val_RMSE_2h":13.5967906724,
      "val_RMSE_avg":12.4458860218
    },
    {
      "VAR_ORDER":2,
      "fold":3,
      "val_RMSE_1h":11.7313871224,
      "val_RMSE_2h":14.7319399127,
      "val_RMSE_avg":13.2316635176
    },
    {
      "VAR_ORDER":2,
      "fold":4,
      "val_RMSE_1h":11.9366463609,
      "val_RMSE_2h":15.4671963223,
      "val_RMSE_avg":13.7019213416
    },
    {
      "VAR_ORDER":3,
      "fold":0,
      "val_RMSE_1h":12.8022301546,
      "val_RMSE_2h":16.3671821926,
      "val_RMSE_avg":14.5847061736
    },
    {
      "VAR_ORDER":3,
      "fold":1,
      "val_RMSE_1h":13.2954096781,
      "val_RMSE_2h":15.9559154374,
      "val_RMSE_avg":14.6256625577
    },
    {
      "VAR_ORDER":3,
      "fold":2,
      "val_RMSE_1h":11.3218434248,
      "val_RMSE_2h":13.6271165321,
      "val_RMSE_avg":12.4744799784
    },
    {
      "VAR_ORDER":3,
      "fold":3,
      "val_RMSE_1h":11.7249142418,
      "val_RMSE_2h":14.6879818762,
      "val_RMSE_avg":13.206448059
    },
    {
      "VAR_ORDER":3,
      "fold":4,
      "val_RMSE_1h":11.8313888169,
      "val_RMSE_2h":15.300159197,